dataset_name,stroke,event_distance,sex,age_min,age_max,skill_level,metric_name,unit,value_typical,uncertainty_sd,value_min,value_max,measurement_domain,status,benchmark_priority,method,notes,source_type,source_title,authors,publication_year,doi,pmid,population_description,age_group,population_level,course,event_context,evidence_grade,benchmark_eligibility,benchmark_use,population_match_required,context_only_reason
EUROPEAN_FINALISTS_2021_MALE,BUTTERFLY,100m,Male,,,Elite / European Championship Finalist,Start Time,s,5.53,0.19,,,CALIBRATED_PHYSICAL,VALIDATED_REFERENCE,PRIMARY_BENCHMARK,Race video kinematic analysis; stroke rate = 60 / stroke time; DPS = stroke time × section velocity,"Long-course pool. Values are mean ± SD. Applicable to elite adult European championship finalists; do not generalize to youth, masters, recreational, or non-European cohorts.",PEER_REVIEWED_ORIGINAL_RESEARCH,Performance Development of European Swimmers Across the Olympic Cycle,Born DP; Schönfelder M; Logan O; Olstad BH; Romann M,2022,10.3389/fspor.2022.894066,35755613,2021 European Swimming Championships finalists; long-course pool; elite European swimmers,ADULT,ELITE,LCM,100m,A,BENCHMARK,"Use for adult elite/European-championship-level long-course comparison only; do not generalize to youth, masters, recreational, or non-comparable events.",sex + adult + elite + LCM + comparable event/stroke,
EUROPEAN_FINALISTS_2021_MALE,BUTTERFLY,100m,Male,,,Elite / European Championship Finalist,Breakout Distance After Start,m,13.4,0.4,,,CALIBRATED_PHYSICAL,VALIDATED_REFERENCE,PRIMARY_BENCHMARK,Race video kinematic analysis; stroke rate = 60 / stroke time; DPS = stroke time × section velocity,"Long-course pool. Values are mean ± SD. Applicable to elite adult European championship finalists; do not generalize to youth, masters, recreational, or non-European cohorts.",PEER_REVIEWED_ORIGINAL_RESEARCH,Performance Development of European Swimmers Across the Olympic Cycle,Born DP; Schönfelder M; Logan O; Olstad BH; Romann M,2022,10.3389/fspor.2022.894066,35755613,2021 European Swimming Championships finalists; long-course pool; elite European swimmers,ADULT,ELITE,LCM,100m,A,BENCHMARK,"Use for adult elite/European-championship-level long-course comparison only; do not generalize to youth, masters, recreational, or non-comparable events.",sex + adult + elite + LCM + comparable event/stroke,
EUROPEAN_FINALISTS_2021_MALE,BUTTERFLY,100m,Male,,,Elite / European Championship Finalist,Turn Time,s,10.39,0.13,,,CALIBRATED_PHYSICAL,VALIDATED_REFERENCE,PRIMARY_BENCHMARK,Race video kinematic analysis; stroke rate = 60 / stroke time; DPS = stroke time × section velocity,"Long-course pool. Values are mean ± SD. Applicable to elite adult European championship finalists; do not generalize to youth, masters, recreational, or non-European cohorts.",PEER_REVIEWED_ORIGINAL_RESEARCH,Performance Development of European Swimmers Across the Olympic Cycle,Born DP; Schönfelder M; Logan O; Olstad BH; Romann M,2022,10.3389/fspor.2022.894066,35755613,2021 European Swimming Championships finalists; long-course pool; elite European swimmers,ADULT,ELITE,LCM,100m,A,BENCHMARK,"Use for adult elite/European-championship-level long-course comparison only; do not generalize to youth, masters, recreational, or non-comparable events.",sex + adult + elite + LCM + comparable event/stroke,
EUROPEAN_FINALISTS_2021_MALE,BUTTERFLY,100m,Male,,,Elite / European Championship Finalist,Breakout Distance After Turn,m,11.7,1.5,,,CALIBRATED_PHYSICAL,VALIDATED_REFERENCE,PRIMARY_BENCHMARK,Race video kinematic analysis; stroke rate = 60 / stroke time; DPS = stroke time × section velocity,"Long-course pool. Values are mean ± SD. Applicable to elite adult European championship finalists; do not generalize to youth, masters, recreational, or non-European cohorts.",PEER_REVIEWED_ORIGINAL_RESEARCH,Performance Development of European Swimmers Across the Olympic Cycle,Born DP; Schönfelder M; Logan O; Olstad BH; Romann M,2022,10.3389/fspor.2022.894066,35755613,2021 European Swimming Championships finalists; long-course pool; elite European swimmers,ADULT,ELITE,LCM,100m,A,BENCHMARK,"Use for adult elite/European-championship-level long-course comparison only; do not generalize to youth, masters, recreational, or non-comparable events.",sex + adult + elite + LCM + comparable event/stroke,
EUROPEAN_FINALISTS_2021_MALE,BUTTERFLY,100m,Male,,,Elite / European Championship Finalist,Swim Velocity,m/s,1.84,0.02,,,CALIBRATED_PHYSICAL,VALIDATED_REFERENCE,PRIMARY_BENCHMARK,Race video kinematic analysis; stroke rate = 60 / stroke time; DPS = stroke time × section velocity,"Long-course pool. Values are mean ± SD. Applicable to elite adult European championship finalists; do not generalize to youth, masters, recreational, or non-European cohorts.",PEER_REVIEWED_ORIGINAL_RESEARCH,Performance Development of European Swimmers Across the Olympic Cycle,Born DP; Schönfelder M; Logan O; Olstad BH; Romann M,2022,10.3389/fspor.2022.894066,35755613,2021 European Swimming Championships finalists; long-course pool; elite European swimmers,ADULT,ELITE,LCM,100m,A,BENCHMARK,"Use for adult elite/European-championship-level long-course comparison only; do not generalize to youth, masters, recreational, or non-comparable events.",sex + adult + elite + LCM + comparable event/stroke,
EUROPEAN_FINALISTS_2021_MALE,BUTTERFLY,100m,Male,,,Elite / European Championship Finalist,Stroke Rate,spm,56.1,2.6,,,CALIBRATED_PHYSICAL,VALIDATED_REFERENCE,PRIMARY_BENCHMARK,Race video kinematic analysis; stroke rate = 60 / stroke time; DPS = stroke time × section velocity,"Long-course pool. Values are mean ± SD. Applicable to elite adult European championship finalists; do not generalize to youth, masters, recreational, or non-European cohorts.",PEER_REVIEWED_ORIGINAL_RESEARCH,Performance Development of European Swimmers Across the Olympic Cycle,Born DP; Schönfelder M; Logan O; Olstad BH; Romann M,2022,10.3389/fspor.2022.894066,35755613,2021 European Swimming Championships finalists; long-course pool; elite European swimmers,ADULT,ELITE,LCM,100m,A,BENCHMARK,"Use for adult elite/European-championship-level long-course comparison only; do not generalize to youth, masters, recreational, or non-comparable events.",sex + adult + elite + LCM + comparable event/stroke,
EUROPEAN_FINALISTS_2021_MALE,BUTTERFLY,100m,Male,,,Elite / European Championship Finalist,DPS,m,1.98,0.11,,,CALIBRATED_PHYSICAL,VALIDATED_REFERENCE,PRIMARY_BENCHMARK,Race video kinematic analysis; stroke rate = 60 / stroke time; DPS = stroke time × section velocity,"Long-course pool. Values are mean ± SD. Applicable to elite adult European championship finalists; do not generalize to youth, masters, recreational, or non-European cohorts.",PEER_REVIEWED_ORIGINAL_RESEARCH,Performance Development of European Swimmers Across the Olympic Cycle,Born DP; Schönfelder M; Logan O; Olstad BH; Romann M,2022,10.3389/fspor.2022.894066,35755613,2021 European Swimming Championships finalists; long-course pool; elite European swimmers,ADULT,ELITE,LCM,100m,A,BENCHMARK,"Use for adult elite/European-championship-level long-course comparison only; do not generalize to youth, masters, recreational, or non-comparable events.",sex + adult + elite + LCM + comparable event/stroke,
EUROPEAN_FINALISTS_2021_MALE,BUTTERFLY,200m,Male,,,Elite / European Championship Finalist,Start Time,s,5.91,0.08,,,CALIBRATED_PHYSICAL,VALIDATED_REFERENCE,PRIMARY_BENCHMARK,Race video kinematic analysis; stroke rate = 60 / stroke time; DPS = stroke time × section velocity,"Long-course pool. Values are mean ± SD. Applicable to elite adult European championship finalists; do not generalize to youth, masters, recreational, or non-European cohorts.",PEER_REVIEWED_ORIGINAL_RESEARCH,Performance Development of European Swimmers Across the Olympic Cycle,Born DP; Schönfelder M; Logan O; Olstad BH; Romann M,2022,10.3389/fspor.2022.894066,35755613,2021 European Swimming Championships finalists; long-course pool; elite European swimmers,ADULT,ELITE,LCM,200m,A,BENCHMARK,"Use for adult elite/European-championship-level long-course comparison only; do not generalize to youth, masters, recreational, or non-comparable events.",sex + adult + elite + LCM + comparable event/stroke,
EUROPEAN_FINALISTS_2021_MALE,BUTTERFLY,200m,Male,,,Elite / European Championship Finalist,Breakout Distance After Start,m,13.5,0.3,,,CALIBRATED_PHYSICAL,VALIDATED_REFERENCE,PRIMARY_BENCHMARK,Race video kinematic analysis; stroke rate = 60 / stroke time; DPS = stroke time × section velocity,"Long-course pool. Values are mean ± SD. Applicable to elite adult European championship finalists; do not generalize to youth, masters, recreational, or non-European cohorts.",PEER_REVIEWED_ORIGINAL_RESEARCH,Performance Development of European Swimmers Across the Olympic Cycle,Born DP; Schönfelder M; Logan O; Olstad BH; Romann M,2022,10.3389/fspor.2022.894066,35755613,2021 European Swimming Championships finalists; long-course pool; elite European swimmers,ADULT,ELITE,LCM,200m,A,BENCHMARK,"Use for adult elite/European-championship-level long-course comparison only; do not generalize to youth, masters, recreational, or non-comparable events.",sex + adult + elite + LCM + comparable event/stroke,
EUROPEAN_FINALISTS_2021_MALE,BUTTERFLY,200m,Male,,,Elite / European Championship Finalist,Turn Time,s,11.55,0.18,,,CALIBRATED_PHYSICAL,VALIDATED_REFERENCE,PRIMARY_BENCHMARK,Race video kinematic analysis; stroke rate = 60 / stroke time; DPS = stroke time × section velocity,"Long-course pool. Values are mean ± SD. Applicable to elite adult European championship finalists; do not generalize to youth, masters, recreational, or non-European cohorts.",PEER_REVIEWED_ORIGINAL_RESEARCH,Performance Development of European Swimmers Across the Olympic Cycle,Born DP; Schönfelder M; Logan O; Olstad BH; Romann M,2022,10.3389/fspor.2022.894066,35755613,2021 European Swimming Championships finalists; long-course pool; elite European swimmers,ADULT,ELITE,LCM,200m,A,BENCHMARK,"Use for adult elite/European-championship-level long-course comparison only; do not generalize to youth, masters, recreational, or non-comparable events.",sex + adult + elite + LCM + comparable event/stroke,
EUROPEAN_FINALISTS_2021_MALE,BUTTERFLY,200m,Male,,,Elite / European Championship Finalist,Breakout Distance After Turn,m,9.8,1.3,,,CALIBRATED_PHYSICAL,VALIDATED_REFERENCE,PRIMARY_BENCHMARK,Race video kinematic analysis; stroke rate = 60 / stroke time; DPS = stroke time × section velocity,"Long-course pool. Values are mean ± SD. Applicable to elite adult European championship finalists; do not generalize to youth, masters, recreational, or non-European cohorts.",PEER_REVIEWED_ORIGINAL_RESEARCH,Performance Development of European Swimmers Across the Olympic Cycle,Born DP; Schönfelder M; Logan O; Olstad BH; Romann M,2022,10.3389/fspor.2022.894066,35755613,2021 European Swimming Championships finalists; long-course pool; elite European swimmers,ADULT,ELITE,LCM,200m,A,BENCHMARK,"Use for adult elite/European-championship-level long-course comparison only; do not generalize to youth, masters, recreational, or non-comparable events.",sex + adult + elite + LCM + comparable event/stroke,
EUROPEAN_FINALISTS_2021_MALE,BUTTERFLY,200m,Male,,,Elite / European Championship Finalist,Swim Velocity,m/s,1.68,0.03,,,CALIBRATED_PHYSICAL,VALIDATED_REFERENCE,PRIMARY_BENCHMARK,Race video kinematic analysis; stroke rate = 60 / stroke time; DPS = stroke time × section velocity,"Long-course pool. Values are mean ± SD. Applicable to elite adult European championship finalists; do not generalize to youth, masters, recreational, or non-European cohorts.",PEER_REVIEWED_ORIGINAL_RESEARCH,Performance Development of European Swimmers Across the Olympic Cycle,Born DP; Schönfelder M; Logan O; Olstad BH; Romann M,2022,10.3389/fspor.2022.894066,35755613,2021 European Swimming Championships finalists; long-course pool; elite European swimmers,ADULT,ELITE,LCM,200m,A,BENCHMARK,"Use for adult elite/European-championship-level long-course comparison only; do not generalize to youth, masters, recreational, or non-comparable events.",sex + adult + elite + LCM + comparable event/stroke,
EUROPEAN_FINALISTS_2021_MALE,BUTTERFLY,200m,Male,,,Elite / European Championship Finalist,Stroke Rate,spm,49.8,1.8,,,CALIBRATED_PHYSICAL,VALIDATED_REFERENCE,PRIMARY_BENCHMARK,Race video kinematic analysis; stroke rate = 60 / stroke time; DPS = stroke time × section velocity,"Long-course pool. Values are mean ± SD. Applicable to elite adult European championship finalists; do not generalize to youth, masters, recreational, or non-European cohorts.",PEER_REVIEWED_ORIGINAL_RESEARCH,Performance Development of European Swimmers Across the Olympic Cycle,Born DP; Schönfelder M; Logan O; Olstad BH; Romann M,2022,10.3389/fspor.2022.894066,35755613,2021 European Swimming Championships finalists; long-course pool; elite European swimmers,ADULT,ELITE,LCM,200m,A,BENCHMARK,"Use for adult elite/European-championship-level long-course comparison only; do not generalize to youth, masters, recreational, or non-comparable events.",sex + adult + elite + LCM + comparable event/stroke,
EUROPEAN_FINALISTS_2021_MALE,BUTTERFLY,200m,Male,,,Elite / European Championship Finalist,DPS,m,2.03,0.1,,,CALIBRATED_PHYSICAL,VALIDATED_REFERENCE,PRIMARY_BENCHMARK,Race video kinematic analysis; stroke rate = 60 / stroke time; DPS = stroke time × section velocity,"Long-course pool. Values are mean ± SD. Applicable to elite adult European championship finalists; do not generalize to youth, masters, recreational, or non-European cohorts.",PEER_REVIEWED_ORIGINAL_RESEARCH,Performance Development of European Swimmers Across the Olympic Cycle,Born DP; Schönfelder M; Logan O; Olstad BH; Romann M,2022,10.3389/fspor.2022.894066,35755613,2021 European Swimming Championships finalists; long-course pool; elite European swimmers,ADULT,ELITE,LCM,200m,A,BENCHMARK,"Use for adult elite/European-championship-level long-course comparison only; do not generalize to youth, masters, recreational, or non-comparable events.",sex + adult + elite + LCM + comparable event/stroke,
EUROPEAN_FINALISTS_2021_MALE,BACKSTROKE,100m,Male,,,Elite / European Championship Finalist,Start Time,s,6.2,0.17,,,CALIBRATED_PHYSICAL,VALIDATED_REFERENCE,PRIMARY_BENCHMARK,Race video kinematic analysis; stroke rate = 60 / stroke time; DPS = stroke time × section velocity,"Long-course pool. Values are mean ± SD. Applicable to elite adult European championship finalists; do not generalize to youth, masters, recreational, or non-European cohorts.",PEER_REVIEWED_ORIGINAL_RESEARCH,Performance Development of European Swimmers Across the Olympic Cycle,Born DP; Schönfelder M; Logan O; Olstad BH; Romann M,2022,10.3389/fspor.2022.894066,35755613,2021 European Swimming Championships finalists; long-course pool; elite European swimmers,ADULT,ELITE,LCM,100m,A,BENCHMARK,"Use for adult elite/European-championship-level long-course comparison only; do not generalize to youth, masters, recreational, or non-comparable events.",sex + adult + elite + LCM + comparable event/stroke,
EUROPEAN_FINALISTS_2021_MALE,BACKSTROKE,100m,Male,,,Elite / European Championship Finalist,Breakout Distance After Start,m,13.3,0.7,,,CALIBRATED_PHYSICAL,VALIDATED_REFERENCE,PRIMARY_BENCHMARK,Race video kinematic analysis; stroke rate = 60 / stroke time; DPS = stroke time × section velocity,"Long-course pool. Values are mean ± SD. Applicable to elite adult European championship finalists; do not generalize to youth, masters, recreational, or non-European cohorts.",PEER_REVIEWED_ORIGINAL_RESEARCH,Performance Development of European Swimmers Across the Olympic Cycle,Born DP; Schönfelder M; Logan O; Olstad BH; Romann M,2022,10.3389/fspor.2022.894066,35755613,2021 European Swimming Championships finalists; long-course pool; elite European swimmers,ADULT,ELITE,LCM,100m,A,BENCHMARK,"Use for adult elite/European-championship-level long-course comparison only; do not generalize to youth, masters, recreational, or non-comparable events.",sex + adult + elite + LCM + comparable event/stroke,
EUROPEAN_FINALISTS_2021_MALE,BACKSTROKE,100m,Male,,,Elite / European Championship Finalist,Turn Time,s,10.15,0.16,,,CALIBRATED_PHYSICAL,VALIDATED_REFERENCE,PRIMARY_BENCHMARK,Race video kinematic analysis; stroke rate = 60 / stroke time; DPS = stroke time × section velocity,"Long-course pool. Values are mean ± SD. Applicable to elite adult European championship finalists; do not generalize to youth, masters, recreational, or non-European cohorts.",PEER_REVIEWED_ORIGINAL_RESEARCH,Performance Development of European Swimmers Across the Olympic Cycle,Born DP; Schönfelder M; Logan O; Olstad BH; Romann M,2022,10.3389/fspor.2022.894066,35755613,2021 European Swimming Championships finalists; long-course pool; elite European swimmers,ADULT,ELITE,LCM,100m,A,BENCHMARK,"Use for adult elite/European-championship-level long-course comparison only; do not generalize to youth, masters, recreational, or non-comparable events.",sex + adult + elite + LCM + comparable event/stroke,
EUROPEAN_FINALISTS_2021_MALE,BACKSTROKE,100m,Male,,,Elite / European Championship Finalist,Breakout Distance After Turn,m,11.5,1.1,,,CALIBRATED_PHYSICAL,VALIDATED_REFERENCE,PRIMARY_BENCHMARK,Race video kinematic analysis; stroke rate = 60 / stroke time; DPS = stroke time × section velocity,"Long-course pool. Values are mean ± SD. Applicable to elite adult European championship finalists; do not generalize to youth, masters, recreational, or non-European cohorts.",PEER_REVIEWED_ORIGINAL_RESEARCH,Performance Development of European Swimmers Across the Olympic Cycle,Born DP; Schönfelder M; Logan O; Olstad BH; Romann M,2022,10.3389/fspor.2022.894066,35755613,2021 European Swimming Championships finalists; long-course pool; elite European swimmers,ADULT,ELITE,LCM,100m,A,BENCHMARK,"Use for adult elite/European-championship-level long-course comparison only; do not generalize to youth, masters, recreational, or non-comparable events.",sex + adult + elite + LCM + comparable event/stroke,
EUROPEAN_FINALISTS_2021_MALE,BACKSTROKE,100m,Male,,,Elite / European Championship Finalist,Swim Velocity,m/s,1.77,0.02,,,CALIBRATED_PHYSICAL,VALIDATED_REFERENCE,PRIMARY_BENCHMARK,Race video kinematic analysis; stroke rate = 60 / stroke time; DPS = stroke time × section velocity,"Long-course pool. Values are mean ± SD. Applicable to elite adult European championship finalists; do not generalize to youth, masters, recreational, or non-European cohorts.",PEER_REVIEWED_ORIGINAL_RESEARCH,Performance Development of European Swimmers Across the Olympic Cycle,Born DP; Schönfelder M; Logan O; Olstad BH; Romann M,2022,10.3389/fspor.2022.894066,35755613,2021 European Swimming Championships finalists; long-course pool; elite European swimmers,ADULT,ELITE,LCM,100m,A,BENCHMARK,"Use for adult elite/European-championship-level long-course comparison only; do not generalize to youth, masters, recreational, or non-comparable events.",sex + adult + elite + LCM + comparable event/stroke,
EUROPEAN_FINALISTS_2021_MALE,BACKSTROKE,100m,Male,,,Elite / European Championship Finalist,Stroke Rate,spm,49.7,3.4,,,CALIBRATED_PHYSICAL,VALIDATED_REFERENCE,PRIMARY_BENCHMARK,Race video kinematic analysis; stroke rate = 60 / stroke time; DPS = stroke time × section velocity,"Long-course pool. Values are mean ± SD. Applicable to elite adult European championship finalists; do not generalize to youth, masters, recreational, or non-European cohorts.",PEER_REVIEWED_ORIGINAL_RESEARCH,Performance Development of European Swimmers Across the Olympic Cycle,Born DP; Schönfelder M; Logan O; Olstad BH; Romann M,2022,10.3389/fspor.2022.894066,35755613,2021 European Swimming Championships finalists; long-course pool; elite European swimmers,ADULT,ELITE,LCM,100m,A,BENCHMARK,"Use for adult elite/European-championship-level long-course comparison only; do not generalize to youth, masters, recreational, or non-comparable events.",sex + adult + elite + LCM + comparable event/stroke,
EUROPEAN_FINALISTS_2021_MALE,BACKSTROKE,100m,Male,,,Elite / European Championship Finalist,DPS,m,2.15,0.14,,,CALIBRATED_PHYSICAL,VALIDATED_REFERENCE,PRIMARY_BENCHMARK,Race video kinematic analysis; stroke rate = 60 / stroke time; DPS = stroke time × section velocity,"Long-course pool. Values are mean ± SD. Applicable to elite adult European championship finalists; do not generalize to youth, masters, recreational, or non-European cohorts.",PEER_REVIEWED_ORIGINAL_RESEARCH,Performance Development of European Swimmers Across the Olympic Cycle,Born DP; Schönfelder M; Logan O; Olstad BH; Romann M,2022,10.3389/fspor.2022.894066,35755613,2021 European Swimming Championships finalists; long-course pool; elite European swimmers,ADULT,ELITE,LCM,100m,A,BENCHMARK,"Use for adult elite/European-championship-level long-course comparison only; do not generalize to youth, masters, recreational, or non-comparable events.",sex + adult + elite + LCM + comparable event/stroke,
EUROPEAN_FINALISTS_2021_MALE,BACKSTROKE,200m,Male,,,Elite / European Championship Finalist,Start Time,s,6.46,0.23,,,CALIBRATED_PHYSICAL,VALIDATED_REFERENCE,PRIMARY_BENCHMARK,Race video kinematic analysis; stroke rate = 60 / stroke time; DPS = stroke time × section velocity,"Long-course pool. Values are mean ± SD. Applicable to elite adult European championship finalists; do not generalize to youth, masters, recreational, or non-European cohorts.",PEER_REVIEWED_ORIGINAL_RESEARCH,Performance Development of European Swimmers Across the Olympic Cycle,Born DP; Schönfelder M; Logan O; Olstad BH; Romann M,2022,10.3389/fspor.2022.894066,35755613,2021 European Swimming Championships finalists; long-course pool; elite European swimmers,ADULT,ELITE,LCM,200m,A,BENCHMARK,"Use for adult elite/European-championship-level long-course comparison only; do not generalize to youth, masters, recreational, or non-comparable events.",sex + adult + elite + LCM + comparable event/stroke,
EUROPEAN_FINALISTS_2021_MALE,BACKSTROKE,200m,Male,,,Elite / European Championship Finalist,Breakout Distance After Start,m,13.6,0.6,,,CALIBRATED_PHYSICAL,VALIDATED_REFERENCE,PRIMARY_BENCHMARK,Race video kinematic analysis; stroke rate = 60 / stroke time; DPS = stroke time × section velocity,"Long-course pool. Values are mean ± SD. Applicable to elite adult European championship finalists; do not generalize to youth, masters, recreational, or non-European cohorts.",PEER_REVIEWED_ORIGINAL_RESEARCH,Performance Development of European Swimmers Across the Olympic Cycle,Born DP; Schönfelder M; Logan O; Olstad BH; Romann M,2022,10.3389/fspor.2022.894066,35755613,2021 European Swimming Championships finalists; long-course pool; elite European swimmers,ADULT,ELITE,LCM,200m,A,BENCHMARK,"Use for adult elite/European-championship-level long-course comparison only; do not generalize to youth, masters, recreational, or non-comparable events.",sex + adult + elite + LCM + comparable event/stroke,
EUROPEAN_FINALISTS_2021_MALE,BACKSTROKE,200m,Male,,,Elite / European Championship Finalist,Turn Time,s,10.99,0.33,,,CALIBRATED_PHYSICAL,VALIDATED_REFERENCE,PRIMARY_BENCHMARK,Race video kinematic analysis; stroke rate = 60 / stroke time; DPS = stroke time × section velocity,"Long-course pool. Values are mean ± SD. Applicable to elite adult European championship finalists; do not generalize to youth, masters, recreational, or non-European cohorts.",PEER_REVIEWED_ORIGINAL_RESEARCH,Performance Development of European Swimmers Across the Olympic Cycle,Born DP; Schönfelder M; Logan O; Olstad BH; Romann M,2022,10.3389/fspor.2022.894066,35755613,2021 European Swimming Championships finalists; long-course pool; elite European swimmers,ADULT,ELITE,LCM,200m,A,BENCHMARK,"Use for adult elite/European-championship-level long-course comparison only; do not generalize to youth, masters, recreational, or non-comparable events.",sex + adult + elite + LCM + comparable event/stroke,
EUROPEAN_FINALISTS_2021_MALE,BACKSTROKE,200m,Male,,,Elite / European Championship Finalist,Breakout Distance After Turn,m,11.4,2.2,,,CALIBRATED_PHYSICAL,VALIDATED_REFERENCE,PRIMARY_BENCHMARK,Race video kinematic analysis; stroke rate = 60 / stroke time; DPS = stroke time × section velocity,"Long-course pool. Values are mean ± SD. Applicable to elite adult European championship finalists; do not generalize to youth, masters, recreational, or non-European cohorts.",PEER_REVIEWED_ORIGINAL_RESEARCH,Performance Development of European Swimmers Across the Olympic Cycle,Born DP; Schönfelder M; Logan O; Olstad BH; Romann M,2022,10.3389/fspor.2022.894066,35755613,2021 European Swimming Championships finalists; long-course pool; elite European swimmers,ADULT,ELITE,LCM,200m,A,BENCHMARK,"Use for adult elite/European-championship-level long-course comparison only; do not generalize to youth, masters, recreational, or non-comparable events.",sex + adult + elite + LCM + comparable event/stroke,
EUROPEAN_FINALISTS_2021_MALE,BACKSTROKE,200m,Male,,,Elite / European Championship Finalist,Swim Velocity,m/s,1.62,0.03,,,CALIBRATED_PHYSICAL,VALIDATED_REFERENCE,PRIMARY_BENCHMARK,Race video kinematic analysis; stroke rate = 60 / stroke time; DPS = stroke time × section velocity,"Long-course pool. Values are mean ± SD. Applicable to elite adult European championship finalists; do not generalize to youth, masters, recreational, or non-European cohorts.",PEER_REVIEWED_ORIGINAL_RESEARCH,Performance Development of European Swimmers Across the Olympic Cycle,Born DP; Schönfelder M; Logan O; Olstad BH; Romann M,2022,10.3389/fspor.2022.894066,35755613,2021 European Swimming Championships finalists; long-course pool; elite European swimmers,ADULT,ELITE,LCM,200m,A,BENCHMARK,"Use for adult elite/European-championship-level long-course comparison only; do not generalize to youth, masters, recreational, or non-comparable events.",sex + adult + elite + LCM + comparable event/stroke,
EUROPEAN_FINALISTS_2021_MALE,BACKSTROKE,200m,Male,,,Elite / European Championship Finalist,Stroke Rate,spm,41.4,2.5,,,CALIBRATED_PHYSICAL,VALIDATED_REFERENCE,PRIMARY_BENCHMARK,Race video kinematic analysis; stroke rate = 60 / stroke time; DPS = stroke time × section velocity,"Long-course pool. Values are mean ± SD. Applicable to elite adult European championship finalists; do not generalize to youth, masters, recreational, or non-European cohorts.",PEER_REVIEWED_ORIGINAL_RESEARCH,Performance Development of European Swimmers Across the Olympic Cycle,Born DP; Schönfelder M; Logan O; Olstad BH; Romann M,2022,10.3389/fspor.2022.894066,35755613,2021 European Swimming Championships finalists; long-course pool; elite European swimmers,ADULT,ELITE,LCM,200m,A,BENCHMARK,"Use for adult elite/European-championship-level long-course comparison only; do not generalize to youth, masters, recreational, or non-comparable events.",sex + adult + elite + LCM + comparable event/stroke,
EUROPEAN_FINALISTS_2021_MALE,BACKSTROKE,200m,Male,,,Elite / European Championship Finalist,DPS,m,2.35,0.12,,,CALIBRATED_PHYSICAL,VALIDATED_REFERENCE,PRIMARY_BENCHMARK,Race video kinematic analysis; stroke rate = 60 / stroke time; DPS = stroke time × section velocity,"Long-course pool. Values are mean ± SD. Applicable to elite adult European championship finalists; do not generalize to youth, masters, recreational, or non-European cohorts.",PEER_REVIEWED_ORIGINAL_RESEARCH,Performance Development of European Swimmers Across the Olympic Cycle,Born DP; Schönfelder M; Logan O; Olstad BH; Romann M,2022,10.3389/fspor.2022.894066,35755613,2021 European Swimming Championships finalists; long-course pool; elite European swimmers,ADULT,ELITE,LCM,200m,A,BENCHMARK,"Use for adult elite/European-championship-level long-course comparison only; do not generalize to youth, masters, recreational, or non-comparable events.",sex + adult + elite + LCM + comparable event/stroke,
EUROPEAN_FINALISTS_2021_MALE,BREASTSTROKE,100m,Male,,,Elite / European Championship Finalist,Start Time,s,6.43,0.25,,,CALIBRATED_PHYSICAL,VALIDATED_REFERENCE,PRIMARY_BENCHMARK,Race video kinematic analysis; stroke rate = 60 / stroke time; DPS = stroke time × section velocity,"Long-course pool. Values are mean ± SD. Applicable to elite adult European championship finalists; do not generalize to youth, masters, recreational, or non-European cohorts.",PEER_REVIEWED_ORIGINAL_RESEARCH,Performance Development of European Swimmers Across the Olympic Cycle,Born DP; Schönfelder M; Logan O; Olstad BH; Romann M,2022,10.3389/fspor.2022.894066,35755613,2021 European Swimming Championships finalists; long-course pool; elite European swimmers,ADULT,ELITE,LCM,100m,A,BENCHMARK,"Use for adult elite/European-championship-level long-course comparison only; do not generalize to youth, masters, recreational, or non-comparable events.",sex + adult + elite + LCM + comparable event/stroke,
EUROPEAN_FINALISTS_2021_MALE,BREASTSTROKE,100m,Male,,,Elite / European Championship Finalist,Breakout Distance After Start,m,14.0,0.7,,,CALIBRATED_PHYSICAL,VALIDATED_REFERENCE,PRIMARY_BENCHMARK,Race video kinematic analysis; stroke rate = 60 / stroke time; DPS = stroke time × section velocity,"Long-course pool. Values are mean ± SD. Applicable to elite adult European championship finalists; do not generalize to youth, masters, recreational, or non-European cohorts.",PEER_REVIEWED_ORIGINAL_RESEARCH,Performance Development of European Swimmers Across the Olympic Cycle,Born DP; Schönfelder M; Logan O; Olstad BH; Romann M,2022,10.3389/fspor.2022.894066,35755613,2021 European Swimming Championships finalists; long-course pool; elite European swimmers,ADULT,ELITE,LCM,100m,A,BENCHMARK,"Use for adult elite/European-championship-level long-course comparison only; do not generalize to youth, masters, recreational, or non-comparable events.",sex + adult + elite + LCM + comparable event/stroke,
EUROPEAN_FINALISTS_2021_MALE,BREASTSTROKE,100m,Male,,,Elite / European Championship Finalist,Turn Time,s,11.77,0.11,,,CALIBRATED_PHYSICAL,VALIDATED_REFERENCE,PRIMARY_BENCHMARK,Race video kinematic analysis; stroke rate = 60 / stroke time; DPS = stroke time × section velocity,"Long-course pool. Values are mean ± SD. Applicable to elite adult European championship finalists; do not generalize to youth, masters, recreational, or non-European cohorts.",PEER_REVIEWED_ORIGINAL_RESEARCH,Performance Development of European Swimmers Across the Olympic Cycle,Born DP; Schönfelder M; Logan O; Olstad BH; Romann M,2022,10.3389/fspor.2022.894066,35755613,2021 European Swimming Championships finalists; long-course pool; elite European swimmers,ADULT,ELITE,LCM,100m,A,BENCHMARK,"Use for adult elite/European-championship-level long-course comparison only; do not generalize to youth, masters, recreational, or non-comparable events.",sex + adult + elite + LCM + comparable event/stroke,
EUROPEAN_FINALISTS_2021_MALE,BREASTSTROKE,100m,Male,,,Elite / European Championship Finalist,Breakout Distance After Turn,m,10.5,0.9,,,CALIBRATED_PHYSICAL,VALIDATED_REFERENCE,PRIMARY_BENCHMARK,Race video kinematic analysis; stroke rate = 60 / stroke time; DPS = stroke time × section velocity,"Long-course pool. Values are mean ± SD. Applicable to elite adult European championship finalists; do not generalize to youth, masters, recreational, or non-European cohorts.",PEER_REVIEWED_ORIGINAL_RESEARCH,Performance Development of European Swimmers Across the Olympic Cycle,Born DP; Schönfelder M; Logan O; Olstad BH; Romann M,2022,10.3389/fspor.2022.894066,35755613,2021 European Swimming Championships finalists; long-course pool; elite European swimmers,ADULT,ELITE,LCM,100m,A,BENCHMARK,"Use for adult elite/European-championship-level long-course comparison only; do not generalize to youth, masters, recreational, or non-comparable events.",sex + adult + elite + LCM + comparable event/stroke,
EUROPEAN_FINALISTS_2021_MALE,BREASTSTROKE,100m,Male,,,Elite / European Championship Finalist,Swim Velocity,m/s,1.6,0.02,,,CALIBRATED_PHYSICAL,VALIDATED_REFERENCE,PRIMARY_BENCHMARK,Race video kinematic analysis; stroke rate = 60 / stroke time; DPS = stroke time × section velocity,"Long-course pool. Values are mean ± SD. Applicable to elite adult European championship finalists; do not generalize to youth, masters, recreational, or non-European cohorts.",PEER_REVIEWED_ORIGINAL_RESEARCH,Performance Development of European Swimmers Across the Olympic Cycle,Born DP; Schönfelder M; Logan O; Olstad BH; Romann M,2022,10.3389/fspor.2022.894066,35755613,2021 European Swimming Championships finalists; long-course pool; elite European swimmers,ADULT,ELITE,LCM,100m,A,BENCHMARK,"Use for adult elite/European-championship-level long-course comparison only; do not generalize to youth, masters, recreational, or non-comparable events.",sex + adult + elite + LCM + comparable event/stroke,
EUROPEAN_FINALISTS_2021_MALE,BREASTSTROKE,100m,Male,,,Elite / European Championship Finalist,Stroke Rate,spm,55.2,3.7,,,CALIBRATED_PHYSICAL,VALIDATED_REFERENCE,PRIMARY_BENCHMARK,Race video kinematic analysis; stroke rate = 60 / stroke time; DPS = stroke time × section velocity,"Long-course pool. Values are mean ± SD. Applicable to elite adult European championship finalists; do not generalize to youth, masters, recreational, or non-European cohorts.",PEER_REVIEWED_ORIGINAL_RESEARCH,Performance Development of European Swimmers Across the Olympic Cycle,Born DP; Schönfelder M; Logan O; Olstad BH; Romann M,2022,10.3389/fspor.2022.894066,35755613,2021 European Swimming Championships finalists; long-course pool; elite European swimmers,ADULT,ELITE,LCM,100m,A,BENCHMARK,"Use for adult elite/European-championship-level long-course comparison only; do not generalize to youth, masters, recreational, or non-comparable events.",sex + adult + elite + LCM + comparable event/stroke,
EUROPEAN_FINALISTS_2021_MALE,BREASTSTROKE,100m,Male,,,Elite / European Championship Finalist,DPS,m,1.75,0.11,,,CALIBRATED_PHYSICAL,VALIDATED_REFERENCE,PRIMARY_BENCHMARK,Race video kinematic analysis; stroke rate = 60 / stroke time; DPS = stroke time × section velocity,"Long-course pool. Values are mean ± SD. Applicable to elite adult European championship finalists; do not generalize to youth, masters, recreational, or non-European cohorts.",PEER_REVIEWED_ORIGINAL_RESEARCH,Performance Development of European Swimmers Across the Olympic Cycle,Born DP; Schönfelder M; Logan O; Olstad BH; Romann M,2022,10.3389/fspor.2022.894066,35755613,2021 European Swimming Championships finalists; long-course pool; elite European swimmers,ADULT,ELITE,LCM,100m,A,BENCHMARK,"Use for adult elite/European-championship-level long-course comparison only; do not generalize to youth, masters, recreational, or non-comparable events.",sex + adult + elite + LCM + comparable event/stroke,
EUROPEAN_FINALISTS_2021_MALE,BREASTSTROKE,200m,Male,,,Elite / European Championship Finalist,Start Time,s,6.47,0.36,,,CALIBRATED_PHYSICAL,VALIDATED_REFERENCE,PRIMARY_BENCHMARK,Race video kinematic analysis; stroke rate = 60 / stroke time; DPS = stroke time × section velocity,"Long-course pool. Values are mean ± SD. Applicable to elite adult European championship finalists; do not generalize to youth, masters, recreational, or non-European cohorts.",PEER_REVIEWED_ORIGINAL_RESEARCH,Performance Development of European Swimmers Across the Olympic Cycle,Born DP; Schönfelder M; Logan O; Olstad BH; Romann M,2022,10.3389/fspor.2022.894066,35755613,2021 European Swimming Championships finalists; long-course pool; elite European swimmers,ADULT,ELITE,LCM,200m,A,BENCHMARK,"Use for adult elite/European-championship-level long-course comparison only; do not generalize to youth, masters, recreational, or non-comparable events.",sex + adult + elite + LCM + comparable event/stroke,
EUROPEAN_FINALISTS_2021_MALE,BREASTSTROKE,200m,Male,,,Elite / European Championship Finalist,Breakout Distance After Start,m,15.5,1.7,,,CALIBRATED_PHYSICAL,VALIDATED_REFERENCE,PRIMARY_BENCHMARK,Race video kinematic analysis; stroke rate = 60 / stroke time; DPS = stroke time × section velocity,"Long-course pool. Values are mean ± SD. Applicable to elite adult European championship finalists; do not generalize to youth, masters, recreational, or non-European cohorts.",PEER_REVIEWED_ORIGINAL_RESEARCH,Performance Development of European Swimmers Across the Olympic Cycle,Born DP; Schönfelder M; Logan O; Olstad BH; Romann M,2022,10.3389/fspor.2022.894066,35755613,2021 European Swimming Championships finalists; long-course pool; elite European swimmers,ADULT,ELITE,LCM,200m,A,BENCHMARK,"Use for adult elite/European-championship-level long-course comparison only; do not generalize to youth, masters, recreational, or non-comparable events.",sex + adult + elite + LCM + comparable event/stroke,
EUROPEAN_FINALISTS_2021_MALE,BREASTSTROKE,200m,Male,,,Elite / European Championship Finalist,Turn Time,s,12.55,0.2,,,CALIBRATED_PHYSICAL,VALIDATED_REFERENCE,PRIMARY_BENCHMARK,Race video kinematic analysis; stroke rate = 60 / stroke time; DPS = stroke time × section velocity,"Long-course pool. Values are mean ± SD. Applicable to elite adult European championship finalists; do not generalize to youth, masters, recreational, or non-European cohorts.",PEER_REVIEWED_ORIGINAL_RESEARCH,Performance Development of European Swimmers Across the Olympic Cycle,Born DP; Schönfelder M; Logan O; Olstad BH; Romann M,2022,10.3389/fspor.2022.894066,35755613,2021 European Swimming Championships finalists; long-course pool; elite European swimmers,ADULT,ELITE,LCM,200m,A,BENCHMARK,"Use for adult elite/European-championship-level long-course comparison only; do not generalize to youth, masters, recreational, or non-comparable events.",sex + adult + elite + LCM + comparable event/stroke,
EUROPEAN_FINALISTS_2021_MALE,BREASTSTROKE,200m,Male,,,Elite / European Championship Finalist,Breakout Distance After Turn,m,10.8,1.0,,,CALIBRATED_PHYSICAL,VALIDATED_REFERENCE,PRIMARY_BENCHMARK,Race video kinematic analysis; stroke rate = 60 / stroke time; DPS = stroke time × section velocity,"Long-course pool. Values are mean ± SD. Applicable to elite adult European championship finalists; do not generalize to youth, masters, recreational, or non-European cohorts.",PEER_REVIEWED_ORIGINAL_RESEARCH,Performance Development of European Swimmers Across the Olympic Cycle,Born DP; Schönfelder M; Logan O; Olstad BH; Romann M,2022,10.3389/fspor.2022.894066,35755613,2021 European Swimming Championships finalists; long-course pool; elite European swimmers,ADULT,ELITE,LCM,200m,A,BENCHMARK,"Use for adult elite/European-championship-level long-course comparison only; do not generalize to youth, masters, recreational, or non-comparable events.",sex + adult + elite + LCM + comparable event/stroke,
EUROPEAN_FINALISTS_2021_MALE,BREASTSTROKE,200m,Male,,,Elite / European Championship Finalist,Swim Velocity,m/s,1.48,0.02,,,CALIBRATED_PHYSICAL,VALIDATED_REFERENCE,PRIMARY_BENCHMARK,Race video kinematic analysis; stroke rate = 60 / stroke time; DPS = stroke time × section velocity,"Long-course pool. Values are mean ± SD. Applicable to elite adult European championship finalists; do not generalize to youth, masters, recreational, or non-European cohorts.",PEER_REVIEWED_ORIGINAL_RESEARCH,Performance Development of European Swimmers Across the Olympic Cycle,Born DP; Schönfelder M; Logan O; Olstad BH; Romann M,2022,10.3389/fspor.2022.894066,35755613,2021 European Swimming Championships finalists; long-course pool; elite European swimmers,ADULT,ELITE,LCM,200m,A,BENCHMARK,"Use for adult elite/European-championship-level long-course comparison only; do not generalize to youth, masters, recreational, or non-comparable events.",sex + adult + elite + LCM + comparable event/stroke,
EUROPEAN_FINALISTS_2021_MALE,BREASTSTROKE,200m,Male,,,Elite / European Championship Finalist,Stroke Rate,spm,35.7,3.1,,,CALIBRATED_PHYSICAL,VALIDATED_REFERENCE,PRIMARY_BENCHMARK,Race video kinematic analysis; stroke rate = 60 / stroke time; DPS = stroke time × section velocity,"Long-course pool. Values are mean ± SD. Applicable to elite adult European championship finalists; do not generalize to youth, masters, recreational, or non-European cohorts.",PEER_REVIEWED_ORIGINAL_RESEARCH,Performance Development of European Swimmers Across the Olympic Cycle,Born DP; Schönfelder M; Logan O; Olstad BH; Romann M,2022,10.3389/fspor.2022.894066,35755613,2021 European Swimming Championships finalists; long-course pool; elite European swimmers,ADULT,ELITE,LCM,200m,A,BENCHMARK,"Use for adult elite/European-championship-level long-course comparison only; do not generalize to youth, masters, recreational, or non-comparable events.",sex + adult + elite + LCM + comparable event/stroke,
EUROPEAN_FINALISTS_2021_MALE,BREASTSTROKE,200m,Male,,,Elite / European Championship Finalist,DPS,m,2.51,0.21,,,CALIBRATED_PHYSICAL,VALIDATED_REFERENCE,PRIMARY_BENCHMARK,Race video kinematic analysis; stroke rate = 60 / stroke time; DPS = stroke time × section velocity,"Long-course pool. Values are mean ± SD. Applicable to elite adult European championship finalists; do not generalize to youth, masters, recreational, or non-European cohorts.",PEER_REVIEWED_ORIGINAL_RESEARCH,Performance Development of European Swimmers Across the Olympic Cycle,Born DP; Schönfelder M; Logan O; Olstad BH; Romann M,2022,10.3389/fspor.2022.894066,35755613,2021 European Swimming Championships finalists; long-course pool; elite European swimmers,ADULT,ELITE,LCM,200m,A,BENCHMARK,"Use for adult elite/European-championship-level long-course comparison only; do not generalize to youth, masters, recreational, or non-comparable events.",sex + adult + elite + LCM + comparable event/stroke,
EUROPEAN_FINALISTS_2021_MALE,FREESTYLE,50m,Male,,,Elite / European Championship Finalist,Start Time,s,5.31,0.11,,,CALIBRATED_PHYSICAL,VALIDATED_REFERENCE,PRIMARY_BENCHMARK,Race video kinematic analysis; stroke rate = 60 / stroke time; DPS = stroke time × section velocity,"Long-course pool. Values are mean ± SD. Applicable to elite adult European championship finalists; do not generalize to youth, masters, recreational, or non-European cohorts.",PEER_REVIEWED_ORIGINAL_RESEARCH,Performance Development of European Swimmers Across the Olympic Cycle,Born DP; Schönfelder M; Logan O; Olstad BH; Romann M,2022,10.3389/fspor.2022.894066,35755613,2021 European Swimming Championships finalists; long-course pool; elite European swimmers,ADULT,ELITE,LCM,50m,A,BENCHMARK,"Use for adult elite/European-championship-level long-course comparison only; do not generalize to youth, masters, recreational, or non-comparable events.",sex + adult + elite + LCM + comparable event/stroke,
EUROPEAN_FINALISTS_2021_MALE,FREESTYLE,50m,Male,,,Elite / European Championship Finalist,Breakout Distance After Start,m,10.4,1.7,,,CALIBRATED_PHYSICAL,VALIDATED_REFERENCE,PRIMARY_BENCHMARK,Race video kinematic analysis; stroke rate = 60 / stroke time; DPS = stroke time × section velocity,"Long-course pool. Values are mean ± SD. Applicable to elite adult European championship finalists; do not generalize to youth, masters, recreational, or non-European cohorts.",PEER_REVIEWED_ORIGINAL_RESEARCH,Performance Development of European Swimmers Across the Olympic Cycle,Born DP; Schönfelder M; Logan O; Olstad BH; Romann M,2022,10.3389/fspor.2022.894066,35755613,2021 European Swimming Championships finalists; long-course pool; elite European swimmers,ADULT,ELITE,LCM,50m,A,BENCHMARK,"Use for adult elite/European-championship-level long-course comparison only; do not generalize to youth, masters, recreational, or non-comparable events.",sex + adult + elite + LCM + comparable event/stroke,
EUROPEAN_FINALISTS_2021_MALE,FREESTYLE,50m,Male,,,Elite / European Championship Finalist,Swim Velocity,m/s,2.12,0.02,,,CALIBRATED_PHYSICAL,VALIDATED_REFERENCE,PRIMARY_BENCHMARK,Race video kinematic analysis; stroke rate = 60 / stroke time; DPS = stroke time × section velocity,"Long-course pool. Values are mean ± SD. Applicable to elite adult European championship finalists; do not generalize to youth, masters, recreational, or non-European cohorts.",PEER_REVIEWED_ORIGINAL_RESEARCH,Performance Development of European Swimmers Across the Olympic Cycle,Born DP; Schönfelder M; Logan O; Olstad BH; Romann M,2022,10.3389/fspor.2022.894066,35755613,2021 European Swimming Championships finalists; long-course pool; elite European swimmers,ADULT,ELITE,LCM,50m,A,BENCHMARK,"Use for adult elite/European-championship-level long-course comparison only; do not generalize to youth, masters, recreational, or non-comparable events.",sex + adult + elite + LCM + comparable event/stroke,
EUROPEAN_FINALISTS_2021_MALE,FREESTYLE,50m,Male,,,Elite / European Championship Finalist,Stroke Rate,spm,61.9,1.8,,,CALIBRATED_PHYSICAL,VALIDATED_REFERENCE,PRIMARY_BENCHMARK,Race video kinematic analysis; stroke rate = 60 / stroke time; DPS = stroke time × section velocity,"Long-course pool. Values are mean ± SD. Applicable to elite adult European championship finalists; do not generalize to youth, masters, recreational, or non-European cohorts.",PEER_REVIEWED_ORIGINAL_RESEARCH,Performance Development of European Swimmers Across the Olympic Cycle,Born DP; Schönfelder M; Logan O; Olstad BH; Romann M,2022,10.3389/fspor.2022.894066,35755613,2021 European Swimming Championships finalists; long-course pool; elite European swimmers,ADULT,ELITE,LCM,50m,A,BENCHMARK,"Use for adult elite/European-championship-level long-course comparison only; do not generalize to youth, masters, recreational, or non-comparable events.",sex + adult + elite + LCM + comparable event/stroke,
EUROPEAN_FINALISTS_2021_MALE,FREESTYLE,50m,Male,,,Elite / European Championship Finalist,DPS,m,2.05,0.06,,,CALIBRATED_PHYSICAL,VALIDATED_REFERENCE,PRIMARY_BENCHMARK,Race video kinematic analysis; stroke rate = 60 / stroke time; DPS = stroke time × section velocity,"Long-course pool. Values are mean ± SD. Applicable to elite adult European championship finalists; do not generalize to youth, masters, recreational, or non-European cohorts.",PEER_REVIEWED_ORIGINAL_RESEARCH,Performance Development of European Swimmers Across the Olympic Cycle,Born DP; Schönfelder M; Logan O; Olstad BH; Romann M,2022,10.3389/fspor.2022.894066,35755613,2021 European Swimming Championships finalists; long-course pool; elite European swimmers,ADULT,ELITE,LCM,50m,A,BENCHMARK,"Use for adult elite/European-championship-level long-course comparison only; do not generalize to youth, masters, recreational, or non-comparable events.",sex + adult + elite + LCM + comparable event/stroke,
EUROPEAN_FINALISTS_2021_MALE,FREESTYLE,100m,Male,,,Elite / European Championship Finalist,Start Time,s,5.55,0.14,,,CALIBRATED_PHYSICAL,VALIDATED_REFERENCE,PRIMARY_BENCHMARK,Race video kinematic analysis; stroke rate = 60 / stroke time; DPS = stroke time × section velocity,"Long-course pool. Values are mean ± SD. Applicable to elite adult European championship finalists; do not generalize to youth, masters, recreational, or non-European cohorts.",PEER_REVIEWED_ORIGINAL_RESEARCH,Performance Development of European Swimmers Across the Olympic Cycle,Born DP; Schönfelder M; Logan O; Olstad BH; Romann M,2022,10.3389/fspor.2022.894066,35755613,2021 European Swimming Championships finalists; long-course pool; elite European swimmers,ADULT,ELITE,LCM,100m,A,BENCHMARK,"Use for adult elite/European-championship-level long-course comparison only; do not generalize to youth, masters, recreational, or non-comparable events.",sex + adult + elite + LCM + comparable event/stroke,
EUROPEAN_FINALISTS_2021_MALE,FREESTYLE,100m,Male,,,Elite / European Championship Finalist,Breakout Distance After Start,m,11.9,0.7,,,CALIBRATED_PHYSICAL,VALIDATED_REFERENCE,PRIMARY_BENCHMARK,Race video kinematic analysis; stroke rate = 60 / stroke time; DPS = stroke time × section velocity,"Long-course pool. Values are mean ± SD. Applicable to elite adult European championship finalists; do not generalize to youth, masters, recreational, or non-European cohorts.",PEER_REVIEWED_ORIGINAL_RESEARCH,Performance Development of European Swimmers Across the Olympic Cycle,Born DP; Schönfelder M; Logan O; Olstad BH; Romann M,2022,10.3389/fspor.2022.894066,35755613,2021 European Swimming Championships finalists; long-course pool; elite European swimmers,ADULT,ELITE,LCM,100m,A,BENCHMARK,"Use for adult elite/European-championship-level long-course comparison only; do not generalize to youth, masters, recreational, or non-comparable events.",sex + adult + elite + LCM + comparable event/stroke,
EUROPEAN_FINALISTS_2021_MALE,FREESTYLE,100m,Male,,,Elite / European Championship Finalist,Turn Time,s,9.51,0.19,,,CALIBRATED_PHYSICAL,VALIDATED_REFERENCE,PRIMARY_BENCHMARK,Race video kinematic analysis; stroke rate = 60 / stroke time; DPS = stroke time × section velocity,"Long-course pool. Values are mean ± SD. Applicable to elite adult European championship finalists; do not generalize to youth, masters, recreational, or non-European cohorts.",PEER_REVIEWED_ORIGINAL_RESEARCH,Performance Development of European Swimmers Across the Olympic Cycle,Born DP; Schönfelder M; Logan O; Olstad BH; Romann M,2022,10.3389/fspor.2022.894066,35755613,2021 European Swimming Championships finalists; long-course pool; elite European swimmers,ADULT,ELITE,LCM,100m,A,BENCHMARK,"Use for adult elite/European-championship-level long-course comparison only; do not generalize to youth, masters, recreational, or non-comparable events.",sex + adult + elite + LCM + comparable event/stroke,
EUROPEAN_FINALISTS_2021_MALE,FREESTYLE,100m,Male,,,Elite / European Championship Finalist,Breakout Distance After Turn,m,8.1,1.7,,,CALIBRATED_PHYSICAL,VALIDATED_REFERENCE,PRIMARY_BENCHMARK,Race video kinematic analysis; stroke rate = 60 / stroke time; DPS = stroke time × section velocity,"Long-course pool. Values are mean ± SD. Applicable to elite adult European championship finalists; do not generalize to youth, masters, recreational, or non-European cohorts.",PEER_REVIEWED_ORIGINAL_RESEARCH,Performance Development of European Swimmers Across the Olympic Cycle,Born DP; Schönfelder M; Logan O; Olstad BH; Romann M,2022,10.3389/fspor.2022.894066,35755613,2021 European Swimming Championships finalists; long-course pool; elite European swimmers,ADULT,ELITE,LCM,100m,A,BENCHMARK,"Use for adult elite/European-championship-level long-course comparison only; do not generalize to youth, masters, recreational, or non-comparable events.",sex + adult + elite + LCM + comparable event/stroke,
EUROPEAN_FINALISTS_2021_MALE,FREESTYLE,100m,Male,,,Elite / European Championship Finalist,Swim Velocity,m/s,1.98,0.02,,,CALIBRATED_PHYSICAL,VALIDATED_REFERENCE,PRIMARY_BENCHMARK,Race video kinematic analysis; stroke rate = 60 / stroke time; DPS = stroke time × section velocity,"Long-course pool. Values are mean ± SD. Applicable to elite adult European championship finalists; do not generalize to youth, masters, recreational, or non-European cohorts.",PEER_REVIEWED_ORIGINAL_RESEARCH,Performance Development of European Swimmers Across the Olympic Cycle,Born DP; Schönfelder M; Logan O; Olstad BH; Romann M,2022,10.3389/fspor.2022.894066,35755613,2021 European Swimming Championships finalists; long-course pool; elite European swimmers,ADULT,ELITE,LCM,100m,A,BENCHMARK,"Use for adult elite/European-championship-level long-course comparison only; do not generalize to youth, masters, recreational, or non-comparable events.",sex + adult + elite + LCM + comparable event/stroke,
EUROPEAN_FINALISTS_2021_MALE,FREESTYLE,100m,Male,,,Elite / European Championship Finalist,Stroke Rate,spm,50.9,2.4,,,CALIBRATED_PHYSICAL,VALIDATED_REFERENCE,PRIMARY_BENCHMARK,Race video kinematic analysis; stroke rate = 60 / stroke time; DPS = stroke time × section velocity,"Long-course pool. Values are mean ± SD. Applicable to elite adult European championship finalists; do not generalize to youth, masters, recreational, or non-European cohorts.",PEER_REVIEWED_ORIGINAL_RESEARCH,Performance Development of European Swimmers Across the Olympic Cycle,Born DP; Schönfelder M; Logan O; Olstad BH; Romann M,2022,10.3389/fspor.2022.894066,35755613,2021 European Swimming Championships finalists; long-course pool; elite European swimmers,ADULT,ELITE,LCM,100m,A,BENCHMARK,"Use for adult elite/European-championship-level long-course comparison only; do not generalize to youth, masters, recreational, or non-comparable events.",sex + adult + elite + LCM + comparable event/stroke,
EUROPEAN_FINALISTS_2021_MALE,FREESTYLE,100m,Male,,,Elite / European Championship Finalist,DPS,m,2.34,0.1,,,CALIBRATED_PHYSICAL,VALIDATED_REFERENCE,PRIMARY_BENCHMARK,Race video kinematic analysis; stroke rate = 60 / stroke time; DPS = stroke time × section velocity,"Long-course pool. Values are mean ± SD. Applicable to elite adult European championship finalists; do not generalize to youth, masters, recreational, or non-European cohorts.",PEER_REVIEWED_ORIGINAL_RESEARCH,Performance Development of European Swimmers Across the Olympic Cycle,Born DP; Schönfelder M; Logan O; Olstad BH; Romann M,2022,10.3389/fspor.2022.894066,35755613,2021 European Swimming Championships finalists; long-course pool; elite European swimmers,ADULT,ELITE,LCM,100m,A,BENCHMARK,"Use for adult elite/European-championship-level long-course comparison only; do not generalize to youth, masters, recreational, or non-comparable events.",sex + adult + elite + LCM + comparable event/stroke,
EUROPEAN_FINALISTS_2021_MALE,FREESTYLE,200m,Male,,,Elite / European Championship Finalist,Start Time,s,5.84,0.16,,,CALIBRATED_PHYSICAL,VALIDATED_REFERENCE,PRIMARY_BENCHMARK,Race video kinematic analysis; stroke rate = 60 / stroke time; DPS = stroke time × section velocity,"Long-course pool. Values are mean ± SD. Applicable to elite adult European championship finalists; do not generalize to youth, masters, recreational, or non-European cohorts.",PEER_REVIEWED_ORIGINAL_RESEARCH,Performance Development of European Swimmers Across the Olympic Cycle,Born DP; Schönfelder M; Logan O; Olstad BH; Romann M,2022,10.3389/fspor.2022.894066,35755613,2021 European Swimming Championships finalists; long-course pool; elite European swimmers,ADULT,ELITE,LCM,200m,A,BENCHMARK,"Use for adult elite/European-championship-level long-course comparison only; do not generalize to youth, masters, recreational, or non-comparable events.",sex + adult + elite + LCM + comparable event/stroke,
EUROPEAN_FINALISTS_2021_MALE,FREESTYLE,200m,Male,,,Elite / European Championship Finalist,Breakout Distance After Start,m,12.3,0.6,,,CALIBRATED_PHYSICAL,VALIDATED_REFERENCE,PRIMARY_BENCHMARK,Race video kinematic analysis; stroke rate = 60 / stroke time; DPS = stroke time × section velocity,"Long-course pool. Values are mean ± SD. Applicable to elite adult European championship finalists; do not generalize to youth, masters, recreational, or non-European cohorts.",PEER_REVIEWED_ORIGINAL_RESEARCH,Performance Development of European Swimmers Across the Olympic Cycle,Born DP; Schönfelder M; Logan O; Olstad BH; Romann M,2022,10.3389/fspor.2022.894066,35755613,2021 European Swimming Championships finalists; long-course pool; elite European swimmers,ADULT,ELITE,LCM,200m,A,BENCHMARK,"Use for adult elite/European-championship-level long-course comparison only; do not generalize to youth, masters, recreational, or non-comparable events.",sex + adult + elite + LCM + comparable event/stroke,
EUROPEAN_FINALISTS_2021_MALE,FREESTYLE,200m,Male,,,Elite / European Championship Finalist,Turn Time,s,10.39,0.18,,,CALIBRATED_PHYSICAL,VALIDATED_REFERENCE,PRIMARY_BENCHMARK,Race video kinematic analysis; stroke rate = 60 / stroke time; DPS = stroke time × section velocity,"Long-course pool. Values are mean ± SD. Applicable to elite adult European championship finalists; do not generalize to youth, masters, recreational, or non-European cohorts.",PEER_REVIEWED_ORIGINAL_RESEARCH,Performance Development of European Swimmers Across the Olympic Cycle,Born DP; Schönfelder M; Logan O; Olstad BH; Romann M,2022,10.3389/fspor.2022.894066,35755613,2021 European Swimming Championships finalists; long-course pool; elite European swimmers,ADULT,ELITE,LCM,200m,A,BENCHMARK,"Use for adult elite/European-championship-level long-course comparison only; do not generalize to youth, masters, recreational, or non-comparable events.",sex + adult + elite + LCM + comparable event/stroke,
EUROPEAN_FINALISTS_2021_MALE,FREESTYLE,200m,Male,,,Elite / European Championship Finalist,Breakout Distance After Turn,m,7.4,1.3,,,CALIBRATED_PHYSICAL,VALIDATED_REFERENCE,PRIMARY_BENCHMARK,Race video kinematic analysis; stroke rate = 60 / stroke time; DPS = stroke time × section velocity,"Long-course pool. Values are mean ± SD. Applicable to elite adult European championship finalists; do not generalize to youth, masters, recreational, or non-European cohorts.",PEER_REVIEWED_ORIGINAL_RESEARCH,Performance Development of European Swimmers Across the Olympic Cycle,Born DP; Schönfelder M; Logan O; Olstad BH; Romann M,2022,10.3389/fspor.2022.894066,35755613,2021 European Swimming Championships finalists; long-course pool; elite European swimmers,ADULT,ELITE,LCM,200m,A,BENCHMARK,"Use for adult elite/European-championship-level long-course comparison only; do not generalize to youth, masters, recreational, or non-comparable events.",sex + adult + elite + LCM + comparable event/stroke,
EUROPEAN_FINALISTS_2021_MALE,FREESTYLE,200m,Male,,,Elite / European Championship Finalist,Swim Velocity,m/s,1.81,0.02,,,CALIBRATED_PHYSICAL,VALIDATED_REFERENCE,PRIMARY_BENCHMARK,Race video kinematic analysis; stroke rate = 60 / stroke time; DPS = stroke time × section velocity,"Long-course pool. Values are mean ± SD. Applicable to elite adult European championship finalists; do not generalize to youth, masters, recreational, or non-European cohorts.",PEER_REVIEWED_ORIGINAL_RESEARCH,Performance Development of European Swimmers Across the Olympic Cycle,Born DP; Schönfelder M; Logan O; Olstad BH; Romann M,2022,10.3389/fspor.2022.894066,35755613,2021 European Swimming Championships finalists; long-course pool; elite European swimmers,ADULT,ELITE,LCM,200m,A,BENCHMARK,"Use for adult elite/European-championship-level long-course comparison only; do not generalize to youth, masters, recreational, or non-comparable events.",sex + adult + elite + LCM + comparable event/stroke,
EUROPEAN_FINALISTS_2021_MALE,FREESTYLE,200m,Male,,,Elite / European Championship Finalist,Stroke Rate,spm,43.4,2.0,,,CALIBRATED_PHYSICAL,VALIDATED_REFERENCE,PRIMARY_BENCHMARK,Race video kinematic analysis; stroke rate = 60 / stroke time; DPS = stroke time × section velocity,"Long-course pool. Values are mean ± SD. Applicable to elite adult European championship finalists; do not generalize to youth, masters, recreational, or non-European cohorts.",PEER_REVIEWED_ORIGINAL_RESEARCH,Performance Development of European Swimmers Across the Olympic Cycle,Born DP; Schönfelder M; Logan O; Olstad BH; Romann M,2022,10.3389/fspor.2022.894066,35755613,2021 European Swimming Championships finalists; long-course pool; elite European swimmers,ADULT,ELITE,LCM,200m,A,BENCHMARK,"Use for adult elite/European-championship-level long-course comparison only; do not generalize to youth, masters, recreational, or non-comparable events.",sex + adult + elite + LCM + comparable event/stroke,
EUROPEAN_FINALISTS_2021_MALE,FREESTYLE,200m,Male,,,Elite / European Championship Finalist,DPS,m,2.51,0.12,,,CALIBRATED_PHYSICAL,VALIDATED_REFERENCE,PRIMARY_BENCHMARK,Race video kinematic analysis; stroke rate = 60 / stroke time; DPS = stroke time × section velocity,"Long-course pool. Values are mean ± SD. Applicable to elite adult European championship finalists; do not generalize to youth, masters, recreational, or non-European cohorts.",PEER_REVIEWED_ORIGINAL_RESEARCH,Performance Development of European Swimmers Across the Olympic Cycle,Born DP; Schönfelder M; Logan O; Olstad BH; Romann M,2022,10.3389/fspor.2022.894066,35755613,2021 European Swimming Championships finalists; long-course pool; elite European swimmers,ADULT,ELITE,LCM,200m,A,BENCHMARK,"Use for adult elite/European-championship-level long-course comparison only; do not generalize to youth, masters, recreational, or non-comparable events.",sex + adult + elite + LCM + comparable event/stroke,
EUROPEAN_FINALISTS_2021_MALE,FREESTYLE,400m,Male,,,Elite / European Championship Finalist,Start Time,s,6.07,0.16,,,CALIBRATED_PHYSICAL,VALIDATED_REFERENCE,PRIMARY_BENCHMARK,Race video kinematic analysis; stroke rate = 60 / stroke time; DPS = stroke time × section velocity,"Long-course pool. Values are mean ± SD. Applicable to elite adult European championship finalists; do not generalize to youth, masters, recreational, or non-European cohorts.",PEER_REVIEWED_ORIGINAL_RESEARCH,Performance Development of European Swimmers Across the Olympic Cycle,Born DP; Schönfelder M; Logan O; Olstad BH; Romann M,2022,10.3389/fspor.2022.894066,35755613,2021 European Swimming Championships finalists; long-course pool; elite European swimmers,ADULT,ELITE,LCM,400m,A,BENCHMARK,"Use for adult elite/European-championship-level long-course comparison only; do not generalize to youth, masters, recreational, or non-comparable events.",sex + adult + elite + LCM + comparable event/stroke,
EUROPEAN_FINALISTS_2021_MALE,FREESTYLE,400m,Male,,,Elite / European Championship Finalist,Breakout Distance After Start,m,11.3,2.0,,,CALIBRATED_PHYSICAL,VALIDATED_REFERENCE,PRIMARY_BENCHMARK,Race video kinematic analysis; stroke rate = 60 / stroke time; DPS = stroke time × section velocity,"Long-course pool. Values are mean ± SD. Applicable to elite adult European championship finalists; do not generalize to youth, masters, recreational, or non-European cohorts.",PEER_REVIEWED_ORIGINAL_RESEARCH,Performance Development of European Swimmers Across the Olympic Cycle,Born DP; Schönfelder M; Logan O; Olstad BH; Romann M,2022,10.3389/fspor.2022.894066,35755613,2021 European Swimming Championships finalists; long-course pool; elite European swimmers,ADULT,ELITE,LCM,400m,A,BENCHMARK,"Use for adult elite/European-championship-level long-course comparison only; do not generalize to youth, masters, recreational, or non-comparable events.",sex + adult + elite + LCM + comparable event/stroke,
EUROPEAN_FINALISTS_2021_MALE,FREESTYLE,400m,Male,,,Elite / European Championship Finalist,Turn Time,s,10.87,0.13,,,CALIBRATED_PHYSICAL,VALIDATED_REFERENCE,PRIMARY_BENCHMARK,Race video kinematic analysis; stroke rate = 60 / stroke time; DPS = stroke time × section velocity,"Long-course pool. Values are mean ± SD. Applicable to elite adult European championship finalists; do not generalize to youth, masters, recreational, or non-European cohorts.",PEER_REVIEWED_ORIGINAL_RESEARCH,Performance Development of European Swimmers Across the Olympic Cycle,Born DP; Schönfelder M; Logan O; Olstad BH; Romann M,2022,10.3389/fspor.2022.894066,35755613,2021 European Swimming Championships finalists; long-course pool; elite European swimmers,ADULT,ELITE,LCM,400m,A,BENCHMARK,"Use for adult elite/European-championship-level long-course comparison only; do not generalize to youth, masters, recreational, or non-comparable events.",sex + adult + elite + LCM + comparable event/stroke,
EUROPEAN_FINALISTS_2021_MALE,FREESTYLE,400m,Male,,,Elite / European Championship Finalist,Breakout Distance After Turn,m,6.8,0.5,,,CALIBRATED_PHYSICAL,VALIDATED_REFERENCE,PRIMARY_BENCHMARK,Race video kinematic analysis; stroke rate = 60 / stroke time; DPS = stroke time × section velocity,"Long-course pool. Values are mean ± SD. Applicable to elite adult European championship finalists; do not generalize to youth, masters, recreational, or non-European cohorts.",PEER_REVIEWED_ORIGINAL_RESEARCH,Performance Development of European Swimmers Across the Olympic Cycle,Born DP; Schönfelder M; Logan O; Olstad BH; Romann M,2022,10.3389/fspor.2022.894066,35755613,2021 European Swimming Championships finalists; long-course pool; elite European swimmers,ADULT,ELITE,LCM,400m,A,BENCHMARK,"Use for adult elite/European-championship-level long-course comparison only; do not generalize to youth, masters, recreational, or non-comparable events.",sex + adult + elite + LCM + comparable event/stroke,
EUROPEAN_FINALISTS_2021_MALE,FREESTYLE,400m,Male,,,Elite / European Championship Finalist,Swim Velocity,m/s,1.7,0.01,,,CALIBRATED_PHYSICAL,VALIDATED_REFERENCE,PRIMARY_BENCHMARK,Race video kinematic analysis; stroke rate = 60 / stroke time; DPS = stroke time × section velocity,"Long-course pool. Values are mean ± SD. Applicable to elite adult European championship finalists; do not generalize to youth, masters, recreational, or non-European cohorts.",PEER_REVIEWED_ORIGINAL_RESEARCH,Performance Development of European Swimmers Across the Olympic Cycle,Born DP; Schönfelder M; Logan O; Olstad BH; Romann M,2022,10.3389/fspor.2022.894066,35755613,2021 European Swimming Championships finalists; long-course pool; elite European swimmers,ADULT,ELITE,LCM,400m,A,BENCHMARK,"Use for adult elite/European-championship-level long-course comparison only; do not generalize to youth, masters, recreational, or non-comparable events.",sex + adult + elite + LCM + comparable event/stroke,
EUROPEAN_FINALISTS_2021_MALE,FREESTYLE,400m,Male,,,Elite / European Championship Finalist,Stroke Rate,spm,39.5,2.8,,,CALIBRATED_PHYSICAL,VALIDATED_REFERENCE,PRIMARY_BENCHMARK,Race video kinematic analysis; stroke rate = 60 / stroke time; DPS = stroke time × section velocity,"Long-course pool. Values are mean ± SD. Applicable to elite adult European championship finalists; do not generalize to youth, masters, recreational, or non-European cohorts.",PEER_REVIEWED_ORIGINAL_RESEARCH,Performance Development of European Swimmers Across the Olympic Cycle,Born DP; Schönfelder M; Logan O; Olstad BH; Romann M,2022,10.3389/fspor.2022.894066,35755613,2021 European Swimming Championships finalists; long-course pool; elite European swimmers,ADULT,ELITE,LCM,400m,A,BENCHMARK,"Use for adult elite/European-championship-level long-course comparison only; do not generalize to youth, masters, recreational, or non-comparable events.",sex + adult + elite + LCM + comparable event/stroke,
EUROPEAN_FINALISTS_2021_MALE,FREESTYLE,400m,Male,,,Elite / European Championship Finalist,DPS,m,2.6,0.17,,,CALIBRATED_PHYSICAL,VALIDATED_REFERENCE,PRIMARY_BENCHMARK,Race video kinematic analysis; stroke rate = 60 / stroke time; DPS = stroke time × section velocity,"Long-course pool. Values are mean ± SD. Applicable to elite adult European championship finalists; do not generalize to youth, masters, recreational, or non-European cohorts.",PEER_REVIEWED_ORIGINAL_RESEARCH,Performance Development of European Swimmers Across the Olympic Cycle,Born DP; Schönfelder M; Logan O; Olstad BH; Romann M,2022,10.3389/fspor.2022.894066,35755613,2021 European Swimming Championships finalists; long-course pool; elite European swimmers,ADULT,ELITE,LCM,400m,A,BENCHMARK,"Use for adult elite/European-championship-level long-course comparison only; do not generalize to youth, masters, recreational, or non-comparable events.",sex + adult + elite + LCM + comparable event/stroke,
EUROPEAN_FINALISTS_2021_MALE,FREESTYLE,1500m,Male,,,Elite / European Championship Finalist,Start Time,s,6.67,0.06,,,CALIBRATED_PHYSICAL,VALIDATED_REFERENCE,PRIMARY_BENCHMARK,Race video kinematic analysis; stroke rate = 60 / stroke time; DPS = stroke time × section velocity,"Long-course pool. Values are mean ± SD. Applicable to elite adult European championship finalists; do not generalize to youth, masters, recreational, or non-European cohorts.",PEER_REVIEWED_ORIGINAL_RESEARCH,Performance Development of European Swimmers Across the Olympic Cycle,Born DP; Schönfelder M; Logan O; Olstad BH; Romann M,2022,10.3389/fspor.2022.894066,35755613,2021 European Swimming Championships finalists; long-course pool; elite European swimmers,ADULT,ELITE,LCM,1500m,A,BENCHMARK,"Use for adult elite/European-championship-level long-course comparison only; do not generalize to youth, masters, recreational, or non-comparable events.",sex + adult + elite + LCM + comparable event/stroke,
EUROPEAN_FINALISTS_2021_MALE,FREESTYLE,1500m,Male,,,Elite / European Championship Finalist,Breakout Distance After Start,m,10.6,1.1,,,CALIBRATED_PHYSICAL,VALIDATED_REFERENCE,PRIMARY_BENCHMARK,Race video kinematic analysis; stroke rate = 60 / stroke time; DPS = stroke time × section velocity,"Long-course pool. Values are mean ± SD. Applicable to elite adult European championship finalists; do not generalize to youth, masters, recreational, or non-European cohorts.",PEER_REVIEWED_ORIGINAL_RESEARCH,Performance Development of European Swimmers Across the Olympic Cycle,Born DP; Schönfelder M; Logan O; Olstad BH; Romann M,2022,10.3389/fspor.2022.894066,35755613,2021 European Swimming Championships finalists; long-course pool; elite European swimmers,ADULT,ELITE,LCM,1500m,A,BENCHMARK,"Use for adult elite/European-championship-level long-course comparison only; do not generalize to youth, masters, recreational, or non-comparable events.",sex + adult + elite + LCM + comparable event/stroke,
EUROPEAN_FINALISTS_2021_MALE,FREESTYLE,1500m,Male,,,Elite / European Championship Finalist,Turn Time,s,11.37,0.11,,,CALIBRATED_PHYSICAL,VALIDATED_REFERENCE,PRIMARY_BENCHMARK,Race video kinematic analysis; stroke rate = 60 / stroke time; DPS = stroke time × section velocity,"Long-course pool. Values are mean ± SD. Applicable to elite adult European championship finalists; do not generalize to youth, masters, recreational, or non-European cohorts.",PEER_REVIEWED_ORIGINAL_RESEARCH,Performance Development of European Swimmers Across the Olympic Cycle,Born DP; Schönfelder M; Logan O; Olstad BH; Romann M,2022,10.3389/fspor.2022.894066,35755613,2021 European Swimming Championships finalists; long-course pool; elite European swimmers,ADULT,ELITE,LCM,1500m,A,BENCHMARK,"Use for adult elite/European-championship-level long-course comparison only; do not generalize to youth, masters, recreational, or non-comparable events.",sex + adult + elite + LCM + comparable event/stroke,
EUROPEAN_FINALISTS_2021_MALE,FREESTYLE,1500m,Male,,,Elite / European Championship Finalist,Breakout Distance After Turn,m,5.1,1.1,,,CALIBRATED_PHYSICAL,VALIDATED_REFERENCE,PRIMARY_BENCHMARK,Race video kinematic analysis; stroke rate = 60 / stroke time; DPS = stroke time × section velocity,"Long-course pool. Values are mean ± SD. Applicable to elite adult European championship finalists; do not generalize to youth, masters, recreational, or non-European cohorts.",PEER_REVIEWED_ORIGINAL_RESEARCH,Performance Development of European Swimmers Across the Olympic Cycle,Born DP; Schönfelder M; Logan O; Olstad BH; Romann M,2022,10.3389/fspor.2022.894066,35755613,2021 European Swimming Championships finalists; long-course pool; elite European swimmers,ADULT,ELITE,LCM,1500m,A,BENCHMARK,"Use for adult elite/European-championship-level long-course comparison only; do not generalize to youth, masters, recreational, or non-comparable events.",sex + adult + elite + LCM + comparable event/stroke,
EUROPEAN_FINALISTS_2021_MALE,FREESTYLE,1500m,Male,,,Elite / European Championship Finalist,Swim Velocity,m/s,1.65,0.01,,,CALIBRATED_PHYSICAL,VALIDATED_REFERENCE,PRIMARY_BENCHMARK,Race video kinematic analysis; stroke rate = 60 / stroke time; DPS = stroke time × section velocity,"Long-course pool. Values are mean ± SD. Applicable to elite adult European championship finalists; do not generalize to youth, masters, recreational, or non-European cohorts.",PEER_REVIEWED_ORIGINAL_RESEARCH,Performance Development of European Swimmers Across the Olympic Cycle,Born DP; Schönfelder M; Logan O; Olstad BH; Romann M,2022,10.3389/fspor.2022.894066,35755613,2021 European Swimming Championships finalists; long-course pool; elite European swimmers,ADULT,ELITE,LCM,1500m,A,BENCHMARK,"Use for adult elite/European-championship-level long-course comparison only; do not generalize to youth, masters, recreational, or non-comparable events.",sex + adult + elite + LCM + comparable event/stroke,
EUROPEAN_FINALISTS_2021_MALE,FREESTYLE,1500m,Male,,,Elite / European Championship Finalist,Stroke Rate,spm,37.8,5.1,,,CALIBRATED_PHYSICAL,VALIDATED_REFERENCE,PRIMARY_BENCHMARK,Race video kinematic analysis; stroke rate = 60 / stroke time; DPS = stroke time × section velocity,"Long-course pool. Values are mean ± SD. Applicable to elite adult European championship finalists; do not generalize to youth, masters, recreational, or non-European cohorts.",PEER_REVIEWED_ORIGINAL_RESEARCH,Performance Development of European Swimmers Across the Olympic Cycle,Born DP; Schönfelder M; Logan O; Olstad BH; Romann M,2022,10.3389/fspor.2022.894066,35755613,2021 European Swimming Championships finalists; long-course pool; elite European swimmers,ADULT,ELITE,LCM,1500m,A,BENCHMARK,"Use for adult elite/European-championship-level long-course comparison only; do not generalize to youth, masters, recreational, or non-comparable events.",sex + adult + elite + LCM + comparable event/stroke,
EUROPEAN_FINALISTS_2021_MALE,FREESTYLE,1500m,Male,,,Elite / European Championship Finalist,DPS,m,2.64,0.36,,,CALIBRATED_PHYSICAL,VALIDATED_REFERENCE,PRIMARY_BENCHMARK,Race video kinematic analysis; stroke rate = 60 / stroke time; DPS = stroke time × section velocity,"Long-course pool. Values are mean ± SD. Applicable to elite adult European championship finalists; do not generalize to youth, masters, recreational, or non-European cohorts.",PEER_REVIEWED_ORIGINAL_RESEARCH,Performance Development of European Swimmers Across the Olympic Cycle,Born DP; Schönfelder M; Logan O; Olstad BH; Romann M,2022,10.3389/fspor.2022.894066,35755613,2021 European Swimming Championships finalists; long-course pool; elite European swimmers,ADULT,ELITE,LCM,1500m,A,BENCHMARK,"Use for adult elite/European-championship-level long-course comparison only; do not generalize to youth, masters, recreational, or non-comparable events.",sex + adult + elite + LCM + comparable event/stroke,
EUROPEAN_FINALISTS_2021_FEMALE,BUTTERFLY,100m,Female,,,Elite / European Championship Finalist,Start Time,s,6.33,0.18,,,CALIBRATED_PHYSICAL,VALIDATED_REFERENCE,PRIMARY_BENCHMARK,Race video kinematic analysis; stroke rate = 60 / stroke time; DPS = stroke time × section velocity,"Long-course pool. Values are mean ± SD. Applicable to elite adult European championship finalists; do not generalize to youth, masters, recreational, or non-European cohorts.",PEER_REVIEWED_ORIGINAL_RESEARCH,Performance Development of European Swimmers Across the Olympic Cycle,Born DP; Schönfelder M; Logan O; Olstad BH; Romann M,2022,10.3389/fspor.2022.894066,35755613,2021 European Swimming Championships finalists; long-course pool; elite European swimmers,ADULT,ELITE,LCM,100m,A,BENCHMARK,"Use for adult elite/European-championship-level long-course comparison only; do not generalize to youth, masters, recreational, or non-comparable events.",sex + adult + elite + LCM + comparable event/stroke,
EUROPEAN_FINALISTS_2021_FEMALE,BUTTERFLY,100m,Female,,,Elite / European Championship Finalist,Breakout Distance After Start,m,13.2,1.0,,,CALIBRATED_PHYSICAL,VALIDATED_REFERENCE,PRIMARY_BENCHMARK,Race video kinematic analysis; stroke rate = 60 / stroke time; DPS = stroke time × section velocity,"Long-course pool. Values are mean ± SD. Applicable to elite adult European championship finalists; do not generalize to youth, masters, recreational, or non-European cohorts.",PEER_REVIEWED_ORIGINAL_RESEARCH,Performance Development of European Swimmers Across the Olympic Cycle,Born DP; Schönfelder M; Logan O; Olstad BH; Romann M,2022,10.3389/fspor.2022.894066,35755613,2021 European Swimming Championships finalists; long-course pool; elite European swimmers,ADULT,ELITE,LCM,100m,A,BENCHMARK,"Use for adult elite/European-championship-level long-course comparison only; do not generalize to youth, masters, recreational, or non-comparable events.",sex + adult + elite + LCM + comparable event/stroke,
EUROPEAN_FINALISTS_2021_FEMALE,BUTTERFLY,100m,Female,,,Elite / European Championship Finalist,Turn Time,s,11.63,0.25,,,CALIBRATED_PHYSICAL,VALIDATED_REFERENCE,PRIMARY_BENCHMARK,Race video kinematic analysis; stroke rate = 60 / stroke time; DPS = stroke time × section velocity,"Long-course pool. Values are mean ± SD. Applicable to elite adult European championship finalists; do not generalize to youth, masters, recreational, or non-European cohorts.",PEER_REVIEWED_ORIGINAL_RESEARCH,Performance Development of European Swimmers Across the Olympic Cycle,Born DP; Schönfelder M; Logan O; Olstad BH; Romann M,2022,10.3389/fspor.2022.894066,35755613,2021 European Swimming Championships finalists; long-course pool; elite European swimmers,ADULT,ELITE,LCM,100m,A,BENCHMARK,"Use for adult elite/European-championship-level long-course comparison only; do not generalize to youth, masters, recreational, or non-comparable events.",sex + adult + elite + LCM + comparable event/stroke,
EUROPEAN_FINALISTS_2021_FEMALE,BUTTERFLY,100m,Female,,,Elite / European Championship Finalist,Breakout Distance After Turn,m,9.7,2.2,,,CALIBRATED_PHYSICAL,VALIDATED_REFERENCE,PRIMARY_BENCHMARK,Race video kinematic analysis; stroke rate = 60 / stroke time; DPS = stroke time × section velocity,"Long-course pool. Values are mean ± SD. Applicable to elite adult European championship finalists; do not generalize to youth, masters, recreational, or non-European cohorts.",PEER_REVIEWED_ORIGINAL_RESEARCH,Performance Development of European Swimmers Across the Olympic Cycle,Born DP; Schönfelder M; Logan O; Olstad BH; Romann M,2022,10.3389/fspor.2022.894066,35755613,2021 European Swimming Championships finalists; long-course pool; elite European swimmers,ADULT,ELITE,LCM,100m,A,BENCHMARK,"Use for adult elite/European-championship-level long-course comparison only; do not generalize to youth, masters, recreational, or non-comparable events.",sex + adult + elite + LCM + comparable event/stroke,
EUROPEAN_FINALISTS_2021_FEMALE,BUTTERFLY,100m,Female,,,Elite / European Championship Finalist,Swim Velocity,m/s,1.63,0.02,,,CALIBRATED_PHYSICAL,VALIDATED_REFERENCE,PRIMARY_BENCHMARK,Race video kinematic analysis; stroke rate = 60 / stroke time; DPS = stroke time × section velocity,"Long-course pool. Values are mean ± SD. Applicable to elite adult European championship finalists; do not generalize to youth, masters, recreational, or non-European cohorts.",PEER_REVIEWED_ORIGINAL_RESEARCH,Performance Development of European Swimmers Across the Olympic Cycle,Born DP; Schönfelder M; Logan O; Olstad BH; Romann M,2022,10.3389/fspor.2022.894066,35755613,2021 European Swimming Championships finalists; long-course pool; elite European swimmers,ADULT,ELITE,LCM,100m,A,BENCHMARK,"Use for adult elite/European-championship-level long-course comparison only; do not generalize to youth, masters, recreational, or non-comparable events.",sex + adult + elite + LCM + comparable event/stroke,
EUROPEAN_FINALISTS_2021_FEMALE,BUTTERFLY,100m,Female,,,Elite / European Championship Finalist,Stroke Rate,spm,56.4,3.0,,,CALIBRATED_PHYSICAL,VALIDATED_REFERENCE,PRIMARY_BENCHMARK,Race video kinematic analysis; stroke rate = 60 / stroke time; DPS = stroke time × section velocity,"Long-course pool. Values are mean ± SD. Applicable to elite adult European championship finalists; do not generalize to youth, masters, recreational, or non-European cohorts.",PEER_REVIEWED_ORIGINAL_RESEARCH,Performance Development of European Swimmers Across the Olympic Cycle,Born DP; Schönfelder M; Logan O; Olstad BH; Romann M,2022,10.3389/fspor.2022.894066,35755613,2021 European Swimming Championships finalists; long-course pool; elite European swimmers,ADULT,ELITE,LCM,100m,A,BENCHMARK,"Use for adult elite/European-championship-level long-course comparison only; do not generalize to youth, masters, recreational, or non-comparable events.",sex + adult + elite + LCM + comparable event/stroke,
EUROPEAN_FINALISTS_2021_FEMALE,BUTTERFLY,100m,Female,,,Elite / European Championship Finalist,DPS,m,1.74,0.1,,,CALIBRATED_PHYSICAL,VALIDATED_REFERENCE,PRIMARY_BENCHMARK,Race video kinematic analysis; stroke rate = 60 / stroke time; DPS = stroke time × section velocity,"Long-course pool. Values are mean ± SD. Applicable to elite adult European championship finalists; do not generalize to youth, masters, recreational, or non-European cohorts.",PEER_REVIEWED_ORIGINAL_RESEARCH,Performance Development of European Swimmers Across the Olympic Cycle,Born DP; Schönfelder M; Logan O; Olstad BH; Romann M,2022,10.3389/fspor.2022.894066,35755613,2021 European Swimming Championships finalists; long-course pool; elite European swimmers,ADULT,ELITE,LCM,100m,A,BENCHMARK,"Use for adult elite/European-championship-level long-course comparison only; do not generalize to youth, masters, recreational, or non-comparable events.",sex + adult + elite + LCM + comparable event/stroke,
EUROPEAN_FINALISTS_2021_FEMALE,BUTTERFLY,200m,Female,,,Elite / European Championship Finalist,Start Time,s,6.96,0.19,,,CALIBRATED_PHYSICAL,VALIDATED_REFERENCE,PRIMARY_BENCHMARK,Race video kinematic analysis; stroke rate = 60 / stroke time; DPS = stroke time × section velocity,"Long-course pool. Values are mean ± SD. Applicable to elite adult European championship finalists; do not generalize to youth, masters, recreational, or non-European cohorts.",PEER_REVIEWED_ORIGINAL_RESEARCH,Performance Development of European Swimmers Across the Olympic Cycle,Born DP; Schönfelder M; Logan O; Olstad BH; Romann M,2022,10.3389/fspor.2022.894066,35755613,2021 European Swimming Championships finalists; long-course pool; elite European swimmers,ADULT,ELITE,LCM,200m,A,BENCHMARK,"Use for adult elite/European-championship-level long-course comparison only; do not generalize to youth, masters, recreational, or non-comparable events.",sex + adult + elite + LCM + comparable event/stroke,
EUROPEAN_FINALISTS_2021_FEMALE,BUTTERFLY,200m,Female,,,Elite / European Championship Finalist,Breakout Distance After Start,m,12.0,1.1,,,CALIBRATED_PHYSICAL,VALIDATED_REFERENCE,PRIMARY_BENCHMARK,Race video kinematic analysis; stroke rate = 60 / stroke time; DPS = stroke time × section velocity,"Long-course pool. Values are mean ± SD. Applicable to elite adult European championship finalists; do not generalize to youth, masters, recreational, or non-European cohorts.",PEER_REVIEWED_ORIGINAL_RESEARCH,Performance Development of European Swimmers Across the Olympic Cycle,Born DP; Schönfelder M; Logan O; Olstad BH; Romann M,2022,10.3389/fspor.2022.894066,35755613,2021 European Swimming Championships finalists; long-course pool; elite European swimmers,ADULT,ELITE,LCM,200m,A,BENCHMARK,"Use for adult elite/European-championship-level long-course comparison only; do not generalize to youth, masters, recreational, or non-comparable events.",sex + adult + elite + LCM + comparable event/stroke,
EUROPEAN_FINALISTS_2021_FEMALE,BUTTERFLY,200m,Female,,,Elite / European Championship Finalist,Turn Time,s,12.88,0.16,,,CALIBRATED_PHYSICAL,VALIDATED_REFERENCE,PRIMARY_BENCHMARK,Race video kinematic analysis; stroke rate = 60 / stroke time; DPS = stroke time × section velocity,"Long-course pool. Values are mean ± SD. Applicable to elite adult European championship finalists; do not generalize to youth, masters, recreational, or non-European cohorts.",PEER_REVIEWED_ORIGINAL_RESEARCH,Performance Development of European Swimmers Across the Olympic Cycle,Born DP; Schönfelder M; Logan O; Olstad BH; Romann M,2022,10.3389/fspor.2022.894066,35755613,2021 European Swimming Championships finalists; long-course pool; elite European swimmers,ADULT,ELITE,LCM,200m,A,BENCHMARK,"Use for adult elite/European-championship-level long-course comparison only; do not generalize to youth, masters, recreational, or non-comparable events.",sex + adult + elite + LCM + comparable event/stroke,
EUROPEAN_FINALISTS_2021_FEMALE,BUTTERFLY,200m,Female,,,Elite / European Championship Finalist,Breakout Distance After Turn,m,8.0,1.5,,,CALIBRATED_PHYSICAL,VALIDATED_REFERENCE,PRIMARY_BENCHMARK,Race video kinematic analysis; stroke rate = 60 / stroke time; DPS = stroke time × section velocity,"Long-course pool. Values are mean ± SD. Applicable to elite adult European championship finalists; do not generalize to youth, masters, recreational, or non-European cohorts.",PEER_REVIEWED_ORIGINAL_RESEARCH,Performance Development of European Swimmers Across the Olympic Cycle,Born DP; Schönfelder M; Logan O; Olstad BH; Romann M,2022,10.3389/fspor.2022.894066,35755613,2021 European Swimming Championships finalists; long-course pool; elite European swimmers,ADULT,ELITE,LCM,200m,A,BENCHMARK,"Use for adult elite/European-championship-level long-course comparison only; do not generalize to youth, masters, recreational, or non-comparable events.",sex + adult + elite + LCM + comparable event/stroke,
EUROPEAN_FINALISTS_2021_FEMALE,BUTTERFLY,200m,Female,,,Elite / European Championship Finalist,Swim Velocity,m/s,1.5,0.02,,,CALIBRATED_PHYSICAL,VALIDATED_REFERENCE,PRIMARY_BENCHMARK,Race video kinematic analysis; stroke rate = 60 / stroke time; DPS = stroke time × section velocity,"Long-course pool. Values are mean ± SD. Applicable to elite adult European championship finalists; do not generalize to youth, masters, recreational, or non-European cohorts.",PEER_REVIEWED_ORIGINAL_RESEARCH,Performance Development of European Swimmers Across the Olympic Cycle,Born DP; Schönfelder M; Logan O; Olstad BH; Romann M,2022,10.3389/fspor.2022.894066,35755613,2021 European Swimming Championships finalists; long-course pool; elite European swimmers,ADULT,ELITE,LCM,200m,A,BENCHMARK,"Use for adult elite/European-championship-level long-course comparison only; do not generalize to youth, masters, recreational, or non-comparable events.",sex + adult + elite + LCM + comparable event/stroke,
EUROPEAN_FINALISTS_2021_FEMALE,BUTTERFLY,200m,Female,,,Elite / European Championship Finalist,Stroke Rate,spm,51.6,2.5,,,CALIBRATED_PHYSICAL,VALIDATED_REFERENCE,PRIMARY_BENCHMARK,Race video kinematic analysis; stroke rate = 60 / stroke time; DPS = stroke time × section velocity,"Long-course pool. Values are mean ± SD. Applicable to elite adult European championship finalists; do not generalize to youth, masters, recreational, or non-European cohorts.",PEER_REVIEWED_ORIGINAL_RESEARCH,Performance Development of European Swimmers Across the Olympic Cycle,Born DP; Schönfelder M; Logan O; Olstad BH; Romann M,2022,10.3389/fspor.2022.894066,35755613,2021 European Swimming Championships finalists; long-course pool; elite European swimmers,ADULT,ELITE,LCM,200m,A,BENCHMARK,"Use for adult elite/European-championship-level long-course comparison only; do not generalize to youth, masters, recreational, or non-comparable events.",sex + adult + elite + LCM + comparable event/stroke,
EUROPEAN_FINALISTS_2021_FEMALE,BUTTERFLY,200m,Female,,,Elite / European Championship Finalist,DPS,m,1.75,0.09,,,CALIBRATED_PHYSICAL,VALIDATED_REFERENCE,PRIMARY_BENCHMARK,Race video kinematic analysis; stroke rate = 60 / stroke time; DPS = stroke time × section velocity,"Long-course pool. Values are mean ± SD. Applicable to elite adult European championship finalists; do not generalize to youth, masters, recreational, or non-European cohorts.",PEER_REVIEWED_ORIGINAL_RESEARCH,Performance Development of European Swimmers Across the Olympic Cycle,Born DP; Schönfelder M; Logan O; Olstad BH; Romann M,2022,10.3389/fspor.2022.894066,35755613,2021 European Swimming Championships finalists; long-course pool; elite European swimmers,ADULT,ELITE,LCM,200m,A,BENCHMARK,"Use for adult elite/European-championship-level long-course comparison only; do not generalize to youth, masters, recreational, or non-comparable events.",sex + adult + elite + LCM + comparable event/stroke,
EUROPEAN_FINALISTS_2021_FEMALE,BACKSTROKE,100m,Female,,,Elite / European Championship Finalist,Start Time,s,7.09,0.2,,,CALIBRATED_PHYSICAL,VALIDATED_REFERENCE,PRIMARY_BENCHMARK,Race video kinematic analysis; stroke rate = 60 / stroke time; DPS = stroke time × section velocity,"Long-course pool. Values are mean ± SD. Applicable to elite adult European championship finalists; do not generalize to youth, masters, recreational, or non-European cohorts.",PEER_REVIEWED_ORIGINAL_RESEARCH,Performance Development of European Swimmers Across the Olympic Cycle,Born DP; Schönfelder M; Logan O; Olstad BH; Romann M,2022,10.3389/fspor.2022.894066,35755613,2021 European Swimming Championships finalists; long-course pool; elite European swimmers,ADULT,ELITE,LCM,100m,A,BENCHMARK,"Use for adult elite/European-championship-level long-course comparison only; do not generalize to youth, masters, recreational, or non-comparable events.",sex + adult + elite + LCM + comparable event/stroke,
EUROPEAN_FINALISTS_2021_FEMALE,BACKSTROKE,100m,Female,,,Elite / European Championship Finalist,Breakout Distance After Start,m,13.4,0.5,,,CALIBRATED_PHYSICAL,VALIDATED_REFERENCE,PRIMARY_BENCHMARK,Race video kinematic analysis; stroke rate = 60 / stroke time; DPS = stroke time × section velocity,"Long-course pool. Values are mean ± SD. Applicable to elite adult European championship finalists; do not generalize to youth, masters, recreational, or non-European cohorts.",PEER_REVIEWED_ORIGINAL_RESEARCH,Performance Development of European Swimmers Across the Olympic Cycle,Born DP; Schönfelder M; Logan O; Olstad BH; Romann M,2022,10.3389/fspor.2022.894066,35755613,2021 European Swimming Championships finalists; long-course pool; elite European swimmers,ADULT,ELITE,LCM,100m,A,BENCHMARK,"Use for adult elite/European-championship-level long-course comparison only; do not generalize to youth, masters, recreational, or non-comparable events.",sex + adult + elite + LCM + comparable event/stroke,
EUROPEAN_FINALISTS_2021_FEMALE,BACKSTROKE,100m,Female,,,Elite / European Championship Finalist,Turn Time,s,11.48,0.29,,,CALIBRATED_PHYSICAL,VALIDATED_REFERENCE,PRIMARY_BENCHMARK,Race video kinematic analysis; stroke rate = 60 / stroke time; DPS = stroke time × section velocity,"Long-course pool. Values are mean ± SD. Applicable to elite adult European championship finalists; do not generalize to youth, masters, recreational, or non-European cohorts.",PEER_REVIEWED_ORIGINAL_RESEARCH,Performance Development of European Swimmers Across the Olympic Cycle,Born DP; Schönfelder M; Logan O; Olstad BH; Romann M,2022,10.3389/fspor.2022.894066,35755613,2021 European Swimming Championships finalists; long-course pool; elite European swimmers,ADULT,ELITE,LCM,100m,A,BENCHMARK,"Use for adult elite/European-championship-level long-course comparison only; do not generalize to youth, masters, recreational, or non-comparable events.",sex + adult + elite + LCM + comparable event/stroke,
EUROPEAN_FINALISTS_2021_FEMALE,BACKSTROKE,100m,Female,,,Elite / European Championship Finalist,Breakout Distance After Turn,m,10.0,2.1,,,CALIBRATED_PHYSICAL,VALIDATED_REFERENCE,PRIMARY_BENCHMARK,Race video kinematic analysis; stroke rate = 60 / stroke time; DPS = stroke time × section velocity,"Long-course pool. Values are mean ± SD. Applicable to elite adult European championship finalists; do not generalize to youth, masters, recreational, or non-European cohorts.",PEER_REVIEWED_ORIGINAL_RESEARCH,Performance Development of European Swimmers Across the Olympic Cycle,Born DP; Schönfelder M; Logan O; Olstad BH; Romann M,2022,10.3389/fspor.2022.894066,35755613,2021 European Swimming Championships finalists; long-course pool; elite European swimmers,ADULT,ELITE,LCM,100m,A,BENCHMARK,"Use for adult elite/European-championship-level long-course comparison only; do not generalize to youth, masters, recreational, or non-comparable events.",sex + adult + elite + LCM + comparable event/stroke,
EUROPEAN_FINALISTS_2021_FEMALE,BACKSTROKE,100m,Female,,,Elite / European Championship Finalist,Swim Velocity,m/s,1.58,0.04,,,CALIBRATED_PHYSICAL,VALIDATED_REFERENCE,PRIMARY_BENCHMARK,Race video kinematic analysis; stroke rate = 60 / stroke time; DPS = stroke time × section velocity,"Long-course pool. Values are mean ± SD. Applicable to elite adult European championship finalists; do not generalize to youth, masters, recreational, or non-European cohorts.",PEER_REVIEWED_ORIGINAL_RESEARCH,Performance Development of European Swimmers Across the Olympic Cycle,Born DP; Schönfelder M; Logan O; Olstad BH; Romann M,2022,10.3389/fspor.2022.894066,35755613,2021 European Swimming Championships finalists; long-course pool; elite European swimmers,ADULT,ELITE,LCM,100m,A,BENCHMARK,"Use for adult elite/European-championship-level long-course comparison only; do not generalize to youth, masters, recreational, or non-comparable events.",sex + adult + elite + LCM + comparable event/stroke,
EUROPEAN_FINALISTS_2021_FEMALE,BACKSTROKE,100m,Female,,,Elite / European Championship Finalist,Stroke Rate,spm,48.1,3.4,,,CALIBRATED_PHYSICAL,VALIDATED_REFERENCE,PRIMARY_BENCHMARK,Race video kinematic analysis; stroke rate = 60 / stroke time; DPS = stroke time × section velocity,"Long-course pool. Values are mean ± SD. Applicable to elite adult European championship finalists; do not generalize to youth, masters, recreational, or non-European cohorts.",PEER_REVIEWED_ORIGINAL_RESEARCH,Performance Development of European Swimmers Across the Olympic Cycle,Born DP; Schönfelder M; Logan O; Olstad BH; Romann M,2022,10.3389/fspor.2022.894066,35755613,2021 European Swimming Championships finalists; long-course pool; elite European swimmers,ADULT,ELITE,LCM,100m,A,BENCHMARK,"Use for adult elite/European-championship-level long-course comparison only; do not generalize to youth, masters, recreational, or non-comparable events.",sex + adult + elite + LCM + comparable event/stroke,
EUROPEAN_FINALISTS_2021_FEMALE,BACKSTROKE,100m,Female,,,Elite / European Championship Finalist,DPS,m,1.97,0.15,,,CALIBRATED_PHYSICAL,VALIDATED_REFERENCE,PRIMARY_BENCHMARK,Race video kinematic analysis; stroke rate = 60 / stroke time; DPS = stroke time × section velocity,"Long-course pool. Values are mean ± SD. Applicable to elite adult European championship finalists; do not generalize to youth, masters, recreational, or non-European cohorts.",PEER_REVIEWED_ORIGINAL_RESEARCH,Performance Development of European Swimmers Across the Olympic Cycle,Born DP; Schönfelder M; Logan O; Olstad BH; Romann M,2022,10.3389/fspor.2022.894066,35755613,2021 European Swimming Championships finalists; long-course pool; elite European swimmers,ADULT,ELITE,LCM,100m,A,BENCHMARK,"Use for adult elite/European-championship-level long-course comparison only; do not generalize to youth, masters, recreational, or non-comparable events.",sex + adult + elite + LCM + comparable event/stroke,
EUROPEAN_FINALISTS_2021_FEMALE,BACKSTROKE,200m,Female,,,Elite / European Championship Finalist,Start Time,s,7.61,0.24,,,CALIBRATED_PHYSICAL,VALIDATED_REFERENCE,PRIMARY_BENCHMARK,Race video kinematic analysis; stroke rate = 60 / stroke time; DPS = stroke time × section velocity,"Long-course pool. Values are mean ± SD. Applicable to elite adult European championship finalists; do not generalize to youth, masters, recreational, or non-European cohorts.",PEER_REVIEWED_ORIGINAL_RESEARCH,Performance Development of European Swimmers Across the Olympic Cycle,Born DP; Schönfelder M; Logan O; Olstad BH; Romann M,2022,10.3389/fspor.2022.894066,35755613,2021 European Swimming Championships finalists; long-course pool; elite European swimmers,ADULT,ELITE,LCM,200m,A,BENCHMARK,"Use for adult elite/European-championship-level long-course comparison only; do not generalize to youth, masters, recreational, or non-comparable events.",sex + adult + elite + LCM + comparable event/stroke,
EUROPEAN_FINALISTS_2021_FEMALE,BACKSTROKE,200m,Female,,,Elite / European Championship Finalist,Breakout Distance After Start,m,13.0,0.7,,,CALIBRATED_PHYSICAL,VALIDATED_REFERENCE,PRIMARY_BENCHMARK,Race video kinematic analysis; stroke rate = 60 / stroke time; DPS = stroke time × section velocity,"Long-course pool. Values are mean ± SD. Applicable to elite adult European championship finalists; do not generalize to youth, masters, recreational, or non-European cohorts.",PEER_REVIEWED_ORIGINAL_RESEARCH,Performance Development of European Swimmers Across the Olympic Cycle,Born DP; Schönfelder M; Logan O; Olstad BH; Romann M,2022,10.3389/fspor.2022.894066,35755613,2021 European Swimming Championships finalists; long-course pool; elite European swimmers,ADULT,ELITE,LCM,200m,A,BENCHMARK,"Use for adult elite/European-championship-level long-course comparison only; do not generalize to youth, masters, recreational, or non-comparable events.",sex + adult + elite + LCM + comparable event/stroke,
EUROPEAN_FINALISTS_2021_FEMALE,BACKSTROKE,200m,Female,,,Elite / European Championship Finalist,Turn Time,s,12.43,0.22,,,CALIBRATED_PHYSICAL,VALIDATED_REFERENCE,PRIMARY_BENCHMARK,Race video kinematic analysis; stroke rate = 60 / stroke time; DPS = stroke time × section velocity,"Long-course pool. Values are mean ± SD. Applicable to elite adult European championship finalists; do not generalize to youth, masters, recreational, or non-European cohorts.",PEER_REVIEWED_ORIGINAL_RESEARCH,Performance Development of European Swimmers Across the Olympic Cycle,Born DP; Schönfelder M; Logan O; Olstad BH; Romann M,2022,10.3389/fspor.2022.894066,35755613,2021 European Swimming Championships finalists; long-course pool; elite European swimmers,ADULT,ELITE,LCM,200m,A,BENCHMARK,"Use for adult elite/European-championship-level long-course comparison only; do not generalize to youth, masters, recreational, or non-comparable events.",sex + adult + elite + LCM + comparable event/stroke,
EUROPEAN_FINALISTS_2021_FEMALE,BACKSTROKE,200m,Female,,,Elite / European Championship Finalist,Breakout Distance After Turn,m,8.5,1.6,,,CALIBRATED_PHYSICAL,VALIDATED_REFERENCE,PRIMARY_BENCHMARK,Race video kinematic analysis; stroke rate = 60 / stroke time; DPS = stroke time × section velocity,"Long-course pool. Values are mean ± SD. Applicable to elite adult European championship finalists; do not generalize to youth, masters, recreational, or non-European cohorts.",PEER_REVIEWED_ORIGINAL_RESEARCH,Performance Development of European Swimmers Across the Olympic Cycle,Born DP; Schönfelder M; Logan O; Olstad BH; Romann M,2022,10.3389/fspor.2022.894066,35755613,2021 European Swimming Championships finalists; long-course pool; elite European swimmers,ADULT,ELITE,LCM,200m,A,BENCHMARK,"Use for adult elite/European-championship-level long-course comparison only; do not generalize to youth, masters, recreational, or non-comparable events.",sex + adult + elite + LCM + comparable event/stroke,
EUROPEAN_FINALISTS_2021_FEMALE,BACKSTROKE,200m,Female,,,Elite / European Championship Finalist,Swim Velocity,m/s,1.48,0.03,,,CALIBRATED_PHYSICAL,VALIDATED_REFERENCE,PRIMARY_BENCHMARK,Race video kinematic analysis; stroke rate = 60 / stroke time; DPS = stroke time × section velocity,"Long-course pool. Values are mean ± SD. Applicable to elite adult European championship finalists; do not generalize to youth, masters, recreational, or non-European cohorts.",PEER_REVIEWED_ORIGINAL_RESEARCH,Performance Development of European Swimmers Across the Olympic Cycle,Born DP; Schönfelder M; Logan O; Olstad BH; Romann M,2022,10.3389/fspor.2022.894066,35755613,2021 European Swimming Championships finalists; long-course pool; elite European swimmers,ADULT,ELITE,LCM,200m,A,BENCHMARK,"Use for adult elite/European-championship-level long-course comparison only; do not generalize to youth, masters, recreational, or non-comparable events.",sex + adult + elite + LCM + comparable event/stroke,
EUROPEAN_FINALISTS_2021_FEMALE,BACKSTROKE,200m,Female,,,Elite / European Championship Finalist,Stroke Rate,spm,41.1,4.0,,,CALIBRATED_PHYSICAL,VALIDATED_REFERENCE,PRIMARY_BENCHMARK,Race video kinematic analysis; stroke rate = 60 / stroke time; DPS = stroke time × section velocity,"Long-course pool. Values are mean ± SD. Applicable to elite adult European championship finalists; do not generalize to youth, masters, recreational, or non-European cohorts.",PEER_REVIEWED_ORIGINAL_RESEARCH,Performance Development of European Swimmers Across the Olympic Cycle,Born DP; Schönfelder M; Logan O; Olstad BH; Romann M,2022,10.3389/fspor.2022.894066,35755613,2021 European Swimming Championships finalists; long-course pool; elite European swimmers,ADULT,ELITE,LCM,200m,A,BENCHMARK,"Use for adult elite/European-championship-level long-course comparison only; do not generalize to youth, masters, recreational, or non-comparable events.",sex + adult + elite + LCM + comparable event/stroke,
EUROPEAN_FINALISTS_2021_FEMALE,BACKSTROKE,200m,Female,,,Elite / European Championship Finalist,DPS,m,2.18,0.2,,,CALIBRATED_PHYSICAL,VALIDATED_REFERENCE,PRIMARY_BENCHMARK,Race video kinematic analysis; stroke rate = 60 / stroke time; DPS = stroke time × section velocity,"Long-course pool. Values are mean ± SD. Applicable to elite adult European championship finalists; do not generalize to youth, masters, recreational, or non-European cohorts.",PEER_REVIEWED_ORIGINAL_RESEARCH,Performance Development of European Swimmers Across the Olympic Cycle,Born DP; Schönfelder M; Logan O; Olstad BH; Romann M,2022,10.3389/fspor.2022.894066,35755613,2021 European Swimming Championships finalists; long-course pool; elite European swimmers,ADULT,ELITE,LCM,200m,A,BENCHMARK,"Use for adult elite/European-championship-level long-course comparison only; do not generalize to youth, masters, recreational, or non-comparable events.",sex + adult + elite + LCM + comparable event/stroke,
EUROPEAN_FINALISTS_2021_FEMALE,BREASTSTROKE,100m,Female,,,Elite / European Championship Finalist,Start Time,s,7.55,0.25,,,CALIBRATED_PHYSICAL,VALIDATED_REFERENCE,PRIMARY_BENCHMARK,Race video kinematic analysis; stroke rate = 60 / stroke time; DPS = stroke time × section velocity,"Long-course pool. Values are mean ± SD. Applicable to elite adult European championship finalists; do not generalize to youth, masters, recreational, or non-European cohorts.",PEER_REVIEWED_ORIGINAL_RESEARCH,Performance Development of European Swimmers Across the Olympic Cycle,Born DP; Schönfelder M; Logan O; Olstad BH; Romann M,2022,10.3389/fspor.2022.894066,35755613,2021 European Swimming Championships finalists; long-course pool; elite European swimmers,ADULT,ELITE,LCM,100m,A,BENCHMARK,"Use for adult elite/European-championship-level long-course comparison only; do not generalize to youth, masters, recreational, or non-comparable events.",sex + adult + elite + LCM + comparable event/stroke,
EUROPEAN_FINALISTS_2021_FEMALE,BREASTSTROKE,100m,Female,,,Elite / European Championship Finalist,Breakout Distance After Start,m,12.5,0.5,,,CALIBRATED_PHYSICAL,VALIDATED_REFERENCE,PRIMARY_BENCHMARK,Race video kinematic analysis; stroke rate = 60 / stroke time; DPS = stroke time × section velocity,"Long-course pool. Values are mean ± SD. Applicable to elite adult European championship finalists; do not generalize to youth, masters, recreational, or non-European cohorts.",PEER_REVIEWED_ORIGINAL_RESEARCH,Performance Development of European Swimmers Across the Olympic Cycle,Born DP; Schönfelder M; Logan O; Olstad BH; Romann M,2022,10.3389/fspor.2022.894066,35755613,2021 European Swimming Championships finalists; long-course pool; elite European swimmers,ADULT,ELITE,LCM,100m,A,BENCHMARK,"Use for adult elite/European-championship-level long-course comparison only; do not generalize to youth, masters, recreational, or non-comparable events.",sex + adult + elite + LCM + comparable event/stroke,
EUROPEAN_FINALISTS_2021_FEMALE,BREASTSTROKE,100m,Female,,,Elite / European Championship Finalist,Turn Time,s,13.37,0.16,,,CALIBRATED_PHYSICAL,VALIDATED_REFERENCE,PRIMARY_BENCHMARK,Race video kinematic analysis; stroke rate = 60 / stroke time; DPS = stroke time × section velocity,"Long-course pool. Values are mean ± SD. Applicable to elite adult European championship finalists; do not generalize to youth, masters, recreational, or non-European cohorts.",PEER_REVIEWED_ORIGINAL_RESEARCH,Performance Development of European Swimmers Across the Olympic Cycle,Born DP; Schönfelder M; Logan O; Olstad BH; Romann M,2022,10.3389/fspor.2022.894066,35755613,2021 European Swimming Championships finalists; long-course pool; elite European swimmers,ADULT,ELITE,LCM,100m,A,BENCHMARK,"Use for adult elite/European-championship-level long-course comparison only; do not generalize to youth, masters, recreational, or non-comparable events.",sex + adult + elite + LCM + comparable event/stroke,
EUROPEAN_FINALISTS_2021_FEMALE,BREASTSTROKE,100m,Female,,,Elite / European Championship Finalist,Breakout Distance After Turn,m,8.7,0.5,,,CALIBRATED_PHYSICAL,VALIDATED_REFERENCE,PRIMARY_BENCHMARK,Race video kinematic analysis; stroke rate = 60 / stroke time; DPS = stroke time × section velocity,"Long-course pool. Values are mean ± SD. Applicable to elite adult European championship finalists; do not generalize to youth, masters, recreational, or non-European cohorts.",PEER_REVIEWED_ORIGINAL_RESEARCH,Performance Development of European Swimmers Across the Olympic Cycle,Born DP; Schönfelder M; Logan O; Olstad BH; Romann M,2022,10.3389/fspor.2022.894066,35755613,2021 European Swimming Championships finalists; long-course pool; elite European swimmers,ADULT,ELITE,LCM,100m,A,BENCHMARK,"Use for adult elite/European-championship-level long-course comparison only; do not generalize to youth, masters, recreational, or non-comparable events.",sex + adult + elite + LCM + comparable event/stroke,
EUROPEAN_FINALISTS_2021_FEMALE,BREASTSTROKE,100m,Female,,,Elite / European Championship Finalist,Swim Velocity,m/s,1.43,0.01,,,CALIBRATED_PHYSICAL,VALIDATED_REFERENCE,PRIMARY_BENCHMARK,Race video kinematic analysis; stroke rate = 60 / stroke time; DPS = stroke time × section velocity,"Long-course pool. Values are mean ± SD. Applicable to elite adult European championship finalists; do not generalize to youth, masters, recreational, or non-European cohorts.",PEER_REVIEWED_ORIGINAL_RESEARCH,Performance Development of European Swimmers Across the Olympic Cycle,Born DP; Schönfelder M; Logan O; Olstad BH; Romann M,2022,10.3389/fspor.2022.894066,35755613,2021 European Swimming Championships finalists; long-course pool; elite European swimmers,ADULT,ELITE,LCM,100m,A,BENCHMARK,"Use for adult elite/European-championship-level long-course comparison only; do not generalize to youth, masters, recreational, or non-comparable events.",sex + adult + elite + LCM + comparable event/stroke,
EUROPEAN_FINALISTS_2021_FEMALE,BREASTSTROKE,100m,Female,,,Elite / European Championship Finalist,Stroke Rate,spm,48.6,6.1,,,CALIBRATED_PHYSICAL,VALIDATED_REFERENCE,PRIMARY_BENCHMARK,Race video kinematic analysis; stroke rate = 60 / stroke time; DPS = stroke time × section velocity,"Long-course pool. Values are mean ± SD. Applicable to elite adult European championship finalists; do not generalize to youth, masters, recreational, or non-European cohorts.",PEER_REVIEWED_ORIGINAL_RESEARCH,Performance Development of European Swimmers Across the Olympic Cycle,Born DP; Schönfelder M; Logan O; Olstad BH; Romann M,2022,10.3389/fspor.2022.894066,35755613,2021 European Swimming Championships finalists; long-course pool; elite European swimmers,ADULT,ELITE,LCM,100m,A,BENCHMARK,"Use for adult elite/European-championship-level long-course comparison only; do not generalize to youth, masters, recreational, or non-comparable events.",sex + adult + elite + LCM + comparable event/stroke,
EUROPEAN_FINALISTS_2021_FEMALE,BREASTSTROKE,100m,Female,,,Elite / European Championship Finalist,DPS,m,1.79,0.22,,,CALIBRATED_PHYSICAL,VALIDATED_REFERENCE,PRIMARY_BENCHMARK,Race video kinematic analysis; stroke rate = 60 / stroke time; DPS = stroke time × section velocity,"Long-course pool. Values are mean ± SD. Applicable to elite adult European championship finalists; do not generalize to youth, masters, recreational, or non-European cohorts.",PEER_REVIEWED_ORIGINAL_RESEARCH,Performance Development of European Swimmers Across the Olympic Cycle,Born DP; Schönfelder M; Logan O; Olstad BH; Romann M,2022,10.3389/fspor.2022.894066,35755613,2021 European Swimming Championships finalists; long-course pool; elite European swimmers,ADULT,ELITE,LCM,100m,A,BENCHMARK,"Use for adult elite/European-championship-level long-course comparison only; do not generalize to youth, masters, recreational, or non-comparable events.",sex + adult + elite + LCM + comparable event/stroke,
EUROPEAN_FINALISTS_2021_FEMALE,BREASTSTROKE,200m,Female,,,Elite / European Championship Finalist,Start Time,s,7.83,0.15,,,CALIBRATED_PHYSICAL,VALIDATED_REFERENCE,PRIMARY_BENCHMARK,Race video kinematic analysis; stroke rate = 60 / stroke time; DPS = stroke time × section velocity,"Long-course pool. Values are mean ± SD. Applicable to elite adult European championship finalists; do not generalize to youth, masters, recreational, or non-European cohorts.",PEER_REVIEWED_ORIGINAL_RESEARCH,Performance Development of European Swimmers Across the Olympic Cycle,Born DP; Schönfelder M; Logan O; Olstad BH; Romann M,2022,10.3389/fspor.2022.894066,35755613,2021 European Swimming Championships finalists; long-course pool; elite European swimmers,ADULT,ELITE,LCM,200m,A,BENCHMARK,"Use for adult elite/European-championship-level long-course comparison only; do not generalize to youth, masters, recreational, or non-comparable events.",sex + adult + elite + LCM + comparable event/stroke,
EUROPEAN_FINALISTS_2021_FEMALE,BREASTSTROKE,200m,Female,,,Elite / European Championship Finalist,Breakout Distance After Start,m,13.1,0.8,,,CALIBRATED_PHYSICAL,VALIDATED_REFERENCE,PRIMARY_BENCHMARK,Race video kinematic analysis; stroke rate = 60 / stroke time; DPS = stroke time × section velocity,"Long-course pool. Values are mean ± SD. Applicable to elite adult European championship finalists; do not generalize to youth, masters, recreational, or non-European cohorts.",PEER_REVIEWED_ORIGINAL_RESEARCH,Performance Development of European Swimmers Across the Olympic Cycle,Born DP; Schönfelder M; Logan O; Olstad BH; Romann M,2022,10.3389/fspor.2022.894066,35755613,2021 European Swimming Championships finalists; long-course pool; elite European swimmers,ADULT,ELITE,LCM,200m,A,BENCHMARK,"Use for adult elite/European-championship-level long-course comparison only; do not generalize to youth, masters, recreational, or non-comparable events.",sex + adult + elite + LCM + comparable event/stroke,
EUROPEAN_FINALISTS_2021_FEMALE,BREASTSTROKE,200m,Female,,,Elite / European Championship Finalist,Turn Time,s,14.05,0.24,,,CALIBRATED_PHYSICAL,VALIDATED_REFERENCE,PRIMARY_BENCHMARK,Race video kinematic analysis; stroke rate = 60 / stroke time; DPS = stroke time × section velocity,"Long-course pool. Values are mean ± SD. Applicable to elite adult European championship finalists; do not generalize to youth, masters, recreational, or non-European cohorts.",PEER_REVIEWED_ORIGINAL_RESEARCH,Performance Development of European Swimmers Across the Olympic Cycle,Born DP; Schönfelder M; Logan O; Olstad BH; Romann M,2022,10.3389/fspor.2022.894066,35755613,2021 European Swimming Championships finalists; long-course pool; elite European swimmers,ADULT,ELITE,LCM,200m,A,BENCHMARK,"Use for adult elite/European-championship-level long-course comparison only; do not generalize to youth, masters, recreational, or non-comparable events.",sex + adult + elite + LCM + comparable event/stroke,
EUROPEAN_FINALISTS_2021_FEMALE,BREASTSTROKE,200m,Female,,,Elite / European Championship Finalist,Breakout Distance After Turn,m,9.2,0.6,,,CALIBRATED_PHYSICAL,VALIDATED_REFERENCE,PRIMARY_BENCHMARK,Race video kinematic analysis; stroke rate = 60 / stroke time; DPS = stroke time × section velocity,"Long-course pool. Values are mean ± SD. Applicable to elite adult European championship finalists; do not generalize to youth, masters, recreational, or non-European cohorts.",PEER_REVIEWED_ORIGINAL_RESEARCH,Performance Development of European Swimmers Across the Olympic Cycle,Born DP; Schönfelder M; Logan O; Olstad BH; Romann M,2022,10.3389/fspor.2022.894066,35755613,2021 European Swimming Championships finalists; long-course pool; elite European swimmers,ADULT,ELITE,LCM,200m,A,BENCHMARK,"Use for adult elite/European-championship-level long-course comparison only; do not generalize to youth, masters, recreational, or non-comparable events.",sex + adult + elite + LCM + comparable event/stroke,
EUROPEAN_FINALISTS_2021_FEMALE,BREASTSTROKE,200m,Female,,,Elite / European Championship Finalist,Swim Velocity,m/s,1.34,0.02,,,CALIBRATED_PHYSICAL,VALIDATED_REFERENCE,PRIMARY_BENCHMARK,Race video kinematic analysis; stroke rate = 60 / stroke time; DPS = stroke time × section velocity,"Long-course pool. Values are mean ± SD. Applicable to elite adult European championship finalists; do not generalize to youth, masters, recreational, or non-European cohorts.",PEER_REVIEWED_ORIGINAL_RESEARCH,Performance Development of European Swimmers Across the Olympic Cycle,Born DP; Schönfelder M; Logan O; Olstad BH; Romann M,2022,10.3389/fspor.2022.894066,35755613,2021 European Swimming Championships finalists; long-course pool; elite European swimmers,ADULT,ELITE,LCM,200m,A,BENCHMARK,"Use for adult elite/European-championship-level long-course comparison only; do not generalize to youth, masters, recreational, or non-comparable events.",sex + adult + elite + LCM + comparable event/stroke,
EUROPEAN_FINALISTS_2021_FEMALE,BREASTSTROKE,200m,Female,,,Elite / European Championship Finalist,Stroke Rate,spm,35.8,3.8,,,CALIBRATED_PHYSICAL,VALIDATED_REFERENCE,PRIMARY_BENCHMARK,Race video kinematic analysis; stroke rate = 60 / stroke time; DPS = stroke time × section velocity,"Long-course pool. Values are mean ± SD. Applicable to elite adult European championship finalists; do not generalize to youth, masters, recreational, or non-European cohorts.",PEER_REVIEWED_ORIGINAL_RESEARCH,Performance Development of European Swimmers Across the Olympic Cycle,Born DP; Schönfelder M; Logan O; Olstad BH; Romann M,2022,10.3389/fspor.2022.894066,35755613,2021 European Swimming Championships finalists; long-course pool; elite European swimmers,ADULT,ELITE,LCM,200m,A,BENCHMARK,"Use for adult elite/European-championship-level long-course comparison only; do not generalize to youth, masters, recreational, or non-comparable events.",sex + adult + elite + LCM + comparable event/stroke,
EUROPEAN_FINALISTS_2021_FEMALE,BREASTSTROKE,200m,Female,,,Elite / European Championship Finalist,DPS,m,2.27,0.24,,,CALIBRATED_PHYSICAL,VALIDATED_REFERENCE,PRIMARY_BENCHMARK,Race video kinematic analysis; stroke rate = 60 / stroke time; DPS = stroke time × section velocity,"Long-course pool. Values are mean ± SD. Applicable to elite adult European championship finalists; do not generalize to youth, masters, recreational, or non-European cohorts.",PEER_REVIEWED_ORIGINAL_RESEARCH,Performance Development of European Swimmers Across the Olympic Cycle,Born DP; Schönfelder M; Logan O; Olstad BH; Romann M,2022,10.3389/fspor.2022.894066,35755613,2021 European Swimming Championships finalists; long-course pool; elite European swimmers,ADULT,ELITE,LCM,200m,A,BENCHMARK,"Use for adult elite/European-championship-level long-course comparison only; do not generalize to youth, masters, recreational, or non-comparable events.",sex + adult + elite + LCM + comparable event/stroke,
EUROPEAN_FINALISTS_2021_FEMALE,FREESTYLE,50m,Female,,,Elite / European Championship Finalist,Start Time,s,6.01,0.17,,,CALIBRATED_PHYSICAL,VALIDATED_REFERENCE,PRIMARY_BENCHMARK,Race video kinematic analysis; stroke rate = 60 / stroke time; DPS = stroke time × section velocity,"Long-course pool. Values are mean ± SD. Applicable to elite adult European championship finalists; do not generalize to youth, masters, recreational, or non-European cohorts.",PEER_REVIEWED_ORIGINAL_RESEARCH,Performance Development of European Swimmers Across the Olympic Cycle,Born DP; Schönfelder M; Logan O; Olstad BH; Romann M,2022,10.3389/fspor.2022.894066,35755613,2021 European Swimming Championships finalists; long-course pool; elite European swimmers,ADULT,ELITE,LCM,50m,A,BENCHMARK,"Use for adult elite/European-championship-level long-course comparison only; do not generalize to youth, masters, recreational, or non-comparable events.",sex + adult + elite + LCM + comparable event/stroke,
EUROPEAN_FINALISTS_2021_FEMALE,FREESTYLE,50m,Female,,,Elite / European Championship Finalist,Breakout Distance After Start,m,11.8,0.9,,,CALIBRATED_PHYSICAL,VALIDATED_REFERENCE,PRIMARY_BENCHMARK,Race video kinematic analysis; stroke rate = 60 / stroke time; DPS = stroke time × section velocity,"Long-course pool. Values are mean ± SD. Applicable to elite adult European championship finalists; do not generalize to youth, masters, recreational, or non-European cohorts.",PEER_REVIEWED_ORIGINAL_RESEARCH,Performance Development of European Swimmers Across the Olympic Cycle,Born DP; Schönfelder M; Logan O; Olstad BH; Romann M,2022,10.3389/fspor.2022.894066,35755613,2021 European Swimming Championships finalists; long-course pool; elite European swimmers,ADULT,ELITE,LCM,50m,A,BENCHMARK,"Use for adult elite/European-championship-level long-course comparison only; do not generalize to youth, masters, recreational, or non-comparable events.",sex + adult + elite + LCM + comparable event/stroke,
EUROPEAN_FINALISTS_2021_FEMALE,FREESTYLE,50m,Female,,,Elite / European Championship Finalist,Swim Velocity,m/s,1.91,0.02,,,CALIBRATED_PHYSICAL,VALIDATED_REFERENCE,PRIMARY_BENCHMARK,Race video kinematic analysis; stroke rate = 60 / stroke time; DPS = stroke time × section velocity,"Long-course pool. Values are mean ± SD. Applicable to elite adult European championship finalists; do not generalize to youth, masters, recreational, or non-European cohorts.",PEER_REVIEWED_ORIGINAL_RESEARCH,Performance Development of European Swimmers Across the Olympic Cycle,Born DP; Schönfelder M; Logan O; Olstad BH; Romann M,2022,10.3389/fspor.2022.894066,35755613,2021 European Swimming Championships finalists; long-course pool; elite European swimmers,ADULT,ELITE,LCM,50m,A,BENCHMARK,"Use for adult elite/European-championship-level long-course comparison only; do not generalize to youth, masters, recreational, or non-comparable events.",sex + adult + elite + LCM + comparable event/stroke,
EUROPEAN_FINALISTS_2021_FEMALE,FREESTYLE,50m,Female,,,Elite / European Championship Finalist,Stroke Rate,spm,60.2,2.9,,,CALIBRATED_PHYSICAL,VALIDATED_REFERENCE,PRIMARY_BENCHMARK,Race video kinematic analysis; stroke rate = 60 / stroke time; DPS = stroke time × section velocity,"Long-course pool. Values are mean ± SD. Applicable to elite adult European championship finalists; do not generalize to youth, masters, recreational, or non-European cohorts.",PEER_REVIEWED_ORIGINAL_RESEARCH,Performance Development of European Swimmers Across the Olympic Cycle,Born DP; Schönfelder M; Logan O; Olstad BH; Romann M,2022,10.3389/fspor.2022.894066,35755613,2021 European Swimming Championships finalists; long-course pool; elite European swimmers,ADULT,ELITE,LCM,50m,A,BENCHMARK,"Use for adult elite/European-championship-level long-course comparison only; do not generalize to youth, masters, recreational, or non-comparable events.",sex + adult + elite + LCM + comparable event/stroke,
EUROPEAN_FINALISTS_2021_FEMALE,FREESTYLE,50m,Female,,,Elite / European Championship Finalist,DPS,m,1.91,0.08,,,CALIBRATED_PHYSICAL,VALIDATED_REFERENCE,PRIMARY_BENCHMARK,Race video kinematic analysis; stroke rate = 60 / stroke time; DPS = stroke time × section velocity,"Long-course pool. Values are mean ± SD. Applicable to elite adult European championship finalists; do not generalize to youth, masters, recreational, or non-European cohorts.",PEER_REVIEWED_ORIGINAL_RESEARCH,Performance Development of European Swimmers Across the Olympic Cycle,Born DP; Schönfelder M; Logan O; Olstad BH; Romann M,2022,10.3389/fspor.2022.894066,35755613,2021 European Swimming Championships finalists; long-course pool; elite European swimmers,ADULT,ELITE,LCM,50m,A,BENCHMARK,"Use for adult elite/European-championship-level long-course comparison only; do not generalize to youth, masters, recreational, or non-comparable events.",sex + adult + elite + LCM + comparable event/stroke,
EUROPEAN_FINALISTS_2021_FEMALE,FREESTYLE,100m,Female,,,Elite / European Championship Finalist,Start Time,s,6.25,0.2,,,CALIBRATED_PHYSICAL,VALIDATED_REFERENCE,PRIMARY_BENCHMARK,Race video kinematic analysis; stroke rate = 60 / stroke time; DPS = stroke time × section velocity,"Long-course pool. Values are mean ± SD. Applicable to elite adult European championship finalists; do not generalize to youth, masters, recreational, or non-European cohorts.",PEER_REVIEWED_ORIGINAL_RESEARCH,Performance Development of European Swimmers Across the Olympic Cycle,Born DP; Schönfelder M; Logan O; Olstad BH; Romann M,2022,10.3389/fspor.2022.894066,35755613,2021 European Swimming Championships finalists; long-course pool; elite European swimmers,ADULT,ELITE,LCM,100m,A,BENCHMARK,"Use for adult elite/European-championship-level long-course comparison only; do not generalize to youth, masters, recreational, or non-comparable events.",sex + adult + elite + LCM + comparable event/stroke,
EUROPEAN_FINALISTS_2021_FEMALE,FREESTYLE,100m,Female,,,Elite / European Championship Finalist,Breakout Distance After Start,m,11.8,1.1,,,CALIBRATED_PHYSICAL,VALIDATED_REFERENCE,PRIMARY_BENCHMARK,Race video kinematic analysis; stroke rate = 60 / stroke time; DPS = stroke time × section velocity,"Long-course pool. Values are mean ± SD. Applicable to elite adult European championship finalists; do not generalize to youth, masters, recreational, or non-European cohorts.",PEER_REVIEWED_ORIGINAL_RESEARCH,Performance Development of European Swimmers Across the Olympic Cycle,Born DP; Schönfelder M; Logan O; Olstad BH; Romann M,2022,10.3389/fspor.2022.894066,35755613,2021 European Swimming Championships finalists; long-course pool; elite European swimmers,ADULT,ELITE,LCM,100m,A,BENCHMARK,"Use for adult elite/European-championship-level long-course comparison only; do not generalize to youth, masters, recreational, or non-comparable events.",sex + adult + elite + LCM + comparable event/stroke,
EUROPEAN_FINALISTS_2021_FEMALE,FREESTYLE,100m,Female,,,Elite / European Championship Finalist,Turn Time,s,10.62,0.15,,,CALIBRATED_PHYSICAL,VALIDATED_REFERENCE,PRIMARY_BENCHMARK,Race video kinematic analysis; stroke rate = 60 / stroke time; DPS = stroke time × section velocity,"Long-course pool. Values are mean ± SD. Applicable to elite adult European championship finalists; do not generalize to youth, masters, recreational, or non-European cohorts.",PEER_REVIEWED_ORIGINAL_RESEARCH,Performance Development of European Swimmers Across the Olympic Cycle,Born DP; Schönfelder M; Logan O; Olstad BH; Romann M,2022,10.3389/fspor.2022.894066,35755613,2021 European Swimming Championships finalists; long-course pool; elite European swimmers,ADULT,ELITE,LCM,100m,A,BENCHMARK,"Use for adult elite/European-championship-level long-course comparison only; do not generalize to youth, masters, recreational, or non-comparable events.",sex + adult + elite + LCM + comparable event/stroke,
EUROPEAN_FINALISTS_2021_FEMALE,FREESTYLE,100m,Female,,,Elite / European Championship Finalist,Breakout Distance After Turn,m,7.2,1.3,,,CALIBRATED_PHYSICAL,VALIDATED_REFERENCE,PRIMARY_BENCHMARK,Race video kinematic analysis; stroke rate = 60 / stroke time; DPS = stroke time × section velocity,"Long-course pool. Values are mean ± SD. Applicable to elite adult European championship finalists; do not generalize to youth, masters, recreational, or non-European cohorts.",PEER_REVIEWED_ORIGINAL_RESEARCH,Performance Development of European Swimmers Across the Olympic Cycle,Born DP; Schönfelder M; Logan O; Olstad BH; Romann M,2022,10.3389/fspor.2022.894066,35755613,2021 European Swimming Championships finalists; long-course pool; elite European swimmers,ADULT,ELITE,LCM,100m,A,BENCHMARK,"Use for adult elite/European-championship-level long-course comparison only; do not generalize to youth, masters, recreational, or non-comparable events.",sex + adult + elite + LCM + comparable event/stroke,
EUROPEAN_FINALISTS_2021_FEMALE,FREESTYLE,100m,Female,,,Elite / European Championship Finalist,Swim Velocity,m/s,1.77,0.02,,,CALIBRATED_PHYSICAL,VALIDATED_REFERENCE,PRIMARY_BENCHMARK,Race video kinematic analysis; stroke rate = 60 / stroke time; DPS = stroke time × section velocity,"Long-course pool. Values are mean ± SD. Applicable to elite adult European championship finalists; do not generalize to youth, masters, recreational, or non-European cohorts.",PEER_REVIEWED_ORIGINAL_RESEARCH,Performance Development of European Swimmers Across the Olympic Cycle,Born DP; Schönfelder M; Logan O; Olstad BH; Romann M,2022,10.3389/fspor.2022.894066,35755613,2021 European Swimming Championships finalists; long-course pool; elite European swimmers,ADULT,ELITE,LCM,100m,A,BENCHMARK,"Use for adult elite/European-championship-level long-course comparison only; do not generalize to youth, masters, recreational, or non-comparable events.",sex + adult + elite + LCM + comparable event/stroke,
EUROPEAN_FINALISTS_2021_FEMALE,FREESTYLE,100m,Female,,,Elite / European Championship Finalist,Stroke Rate,spm,49.1,2.8,,,CALIBRATED_PHYSICAL,VALIDATED_REFERENCE,PRIMARY_BENCHMARK,Race video kinematic analysis; stroke rate = 60 / stroke time; DPS = stroke time × section velocity,"Long-course pool. Values are mean ± SD. Applicable to elite adult European championship finalists; do not generalize to youth, masters, recreational, or non-European cohorts.",PEER_REVIEWED_ORIGINAL_RESEARCH,Performance Development of European Swimmers Across the Olympic Cycle,Born DP; Schönfelder M; Logan O; Olstad BH; Romann M,2022,10.3389/fspor.2022.894066,35755613,2021 European Swimming Championships finalists; long-course pool; elite European swimmers,ADULT,ELITE,LCM,100m,A,BENCHMARK,"Use for adult elite/European-championship-level long-course comparison only; do not generalize to youth, masters, recreational, or non-comparable events.",sex + adult + elite + LCM + comparable event/stroke,
EUROPEAN_FINALISTS_2021_FEMALE,FREESTYLE,100m,Female,,,Elite / European Championship Finalist,DPS,m,2.17,0.13,,,CALIBRATED_PHYSICAL,VALIDATED_REFERENCE,PRIMARY_BENCHMARK,Race video kinematic analysis; stroke rate = 60 / stroke time; DPS = stroke time × section velocity,"Long-course pool. Values are mean ± SD. Applicable to elite adult European championship finalists; do not generalize to youth, masters, recreational, or non-European cohorts.",PEER_REVIEWED_ORIGINAL_RESEARCH,Performance Development of European Swimmers Across the Olympic Cycle,Born DP; Schönfelder M; Logan O; Olstad BH; Romann M,2022,10.3389/fspor.2022.894066,35755613,2021 European Swimming Championships finalists; long-course pool; elite European swimmers,ADULT,ELITE,LCM,100m,A,BENCHMARK,"Use for adult elite/European-championship-level long-course comparison only; do not generalize to youth, masters, recreational, or non-comparable events.",sex + adult + elite + LCM + comparable event/stroke,
EUROPEAN_FINALISTS_2021_FEMALE,FREESTYLE,200m,Female,,,Elite / European Championship Finalist,Start Time,s,6.65,0.17,,,CALIBRATED_PHYSICAL,VALIDATED_REFERENCE,PRIMARY_BENCHMARK,Race video kinematic analysis; stroke rate = 60 / stroke time; DPS = stroke time × section velocity,"Long-course pool. Values are mean ± SD. Applicable to elite adult European championship finalists; do not generalize to youth, masters, recreational, or non-European cohorts.",PEER_REVIEWED_ORIGINAL_RESEARCH,Performance Development of European Swimmers Across the Olympic Cycle,Born DP; Schönfelder M; Logan O; Olstad BH; Romann M,2022,10.3389/fspor.2022.894066,35755613,2021 European Swimming Championships finalists; long-course pool; elite European swimmers,ADULT,ELITE,LCM,200m,A,BENCHMARK,"Use for adult elite/European-championship-level long-course comparison only; do not generalize to youth, masters, recreational, or non-comparable events.",sex + adult + elite + LCM + comparable event/stroke,
EUROPEAN_FINALISTS_2021_FEMALE,FREESTYLE,200m,Female,,,Elite / European Championship Finalist,Breakout Distance After Start,m,10.5,0.7,,,CALIBRATED_PHYSICAL,VALIDATED_REFERENCE,PRIMARY_BENCHMARK,Race video kinematic analysis; stroke rate = 60 / stroke time; DPS = stroke time × section velocity,"Long-course pool. Values are mean ± SD. Applicable to elite adult European championship finalists; do not generalize to youth, masters, recreational, or non-European cohorts.",PEER_REVIEWED_ORIGINAL_RESEARCH,Performance Development of European Swimmers Across the Olympic Cycle,Born DP; Schönfelder M; Logan O; Olstad BH; Romann M,2022,10.3389/fspor.2022.894066,35755613,2021 European Swimming Championships finalists; long-course pool; elite European swimmers,ADULT,ELITE,LCM,200m,A,BENCHMARK,"Use for adult elite/European-championship-level long-course comparison only; do not generalize to youth, masters, recreational, or non-comparable events.",sex + adult + elite + LCM + comparable event/stroke,
EUROPEAN_FINALISTS_2021_FEMALE,FREESTYLE,200m,Female,,,Elite / European Championship Finalist,Turn Time,s,11.51,0.16,,,CALIBRATED_PHYSICAL,VALIDATED_REFERENCE,PRIMARY_BENCHMARK,Race video kinematic analysis; stroke rate = 60 / stroke time; DPS = stroke time × section velocity,"Long-course pool. Values are mean ± SD. Applicable to elite adult European championship finalists; do not generalize to youth, masters, recreational, or non-European cohorts.",PEER_REVIEWED_ORIGINAL_RESEARCH,Performance Development of European Swimmers Across the Olympic Cycle,Born DP; Schönfelder M; Logan O; Olstad BH; Romann M,2022,10.3389/fspor.2022.894066,35755613,2021 European Swimming Championships finalists; long-course pool; elite European swimmers,ADULT,ELITE,LCM,200m,A,BENCHMARK,"Use for adult elite/European-championship-level long-course comparison only; do not generalize to youth, masters, recreational, or non-comparable events.",sex + adult + elite + LCM + comparable event/stroke,
EUROPEAN_FINALISTS_2021_FEMALE,FREESTYLE,200m,Female,,,Elite / European Championship Finalist,Breakout Distance After Turn,m,5.4,0.8,,,CALIBRATED_PHYSICAL,VALIDATED_REFERENCE,PRIMARY_BENCHMARK,Race video kinematic analysis; stroke rate = 60 / stroke time; DPS = stroke time × section velocity,"Long-course pool. Values are mean ± SD. Applicable to elite adult European championship finalists; do not generalize to youth, masters, recreational, or non-European cohorts.",PEER_REVIEWED_ORIGINAL_RESEARCH,Performance Development of European Swimmers Across the Olympic Cycle,Born DP; Schönfelder M; Logan O; Olstad BH; Romann M,2022,10.3389/fspor.2022.894066,35755613,2021 European Swimming Championships finalists; long-course pool; elite European swimmers,ADULT,ELITE,LCM,200m,A,BENCHMARK,"Use for adult elite/European-championship-level long-course comparison only; do not generalize to youth, masters, recreational, or non-comparable events.",sex + adult + elite + LCM + comparable event/stroke,
EUROPEAN_FINALISTS_2021_FEMALE,FREESTYLE,200m,Female,,,Elite / European Championship Finalist,Swim Velocity,m/s,1.64,0.02,,,CALIBRATED_PHYSICAL,VALIDATED_REFERENCE,PRIMARY_BENCHMARK,Race video kinematic analysis; stroke rate = 60 / stroke time; DPS = stroke time × section velocity,"Long-course pool. Values are mean ± SD. Applicable to elite adult European championship finalists; do not generalize to youth, masters, recreational, or non-European cohorts.",PEER_REVIEWED_ORIGINAL_RESEARCH,Performance Development of European Swimmers Across the Olympic Cycle,Born DP; Schönfelder M; Logan O; Olstad BH; Romann M,2022,10.3389/fspor.2022.894066,35755613,2021 European Swimming Championships finalists; long-course pool; elite European swimmers,ADULT,ELITE,LCM,200m,A,BENCHMARK,"Use for adult elite/European-championship-level long-course comparison only; do not generalize to youth, masters, recreational, or non-comparable events.",sex + adult + elite + LCM + comparable event/stroke,
EUROPEAN_FINALISTS_2021_FEMALE,FREESTYLE,200m,Female,,,Elite / European Championship Finalist,Stroke Rate,spm,43.7,2.8,,,CALIBRATED_PHYSICAL,VALIDATED_REFERENCE,PRIMARY_BENCHMARK,Race video kinematic analysis; stroke rate = 60 / stroke time; DPS = stroke time × section velocity,"Long-course pool. Values are mean ± SD. Applicable to elite adult European championship finalists; do not generalize to youth, masters, recreational, or non-European cohorts.",PEER_REVIEWED_ORIGINAL_RESEARCH,Performance Development of European Swimmers Across the Olympic Cycle,Born DP; Schönfelder M; Logan O; Olstad BH; Romann M,2022,10.3389/fspor.2022.894066,35755613,2021 European Swimming Championships finalists; long-course pool; elite European swimmers,ADULT,ELITE,LCM,200m,A,BENCHMARK,"Use for adult elite/European-championship-level long-course comparison only; do not generalize to youth, masters, recreational, or non-comparable events.",sex + adult + elite + LCM + comparable event/stroke,
EUROPEAN_FINALISTS_2021_FEMALE,FREESTYLE,200m,Female,,,Elite / European Championship Finalist,DPS,m,2.25,0.14,,,CALIBRATED_PHYSICAL,VALIDATED_REFERENCE,PRIMARY_BENCHMARK,Race video kinematic analysis; stroke rate = 60 / stroke time; DPS = stroke time × section velocity,"Long-course pool. Values are mean ± SD. Applicable to elite adult European championship finalists; do not generalize to youth, masters, recreational, or non-European cohorts.",PEER_REVIEWED_ORIGINAL_RESEARCH,Performance Development of European Swimmers Across the Olympic Cycle,Born DP; Schönfelder M; Logan O; Olstad BH; Romann M,2022,10.3389/fspor.2022.894066,35755613,2021 European Swimming Championships finalists; long-course pool; elite European swimmers,ADULT,ELITE,LCM,200m,A,BENCHMARK,"Use for adult elite/European-championship-level long-course comparison only; do not generalize to youth, masters, recreational, or non-comparable events.",sex + adult + elite + LCM + comparable event/stroke,
EUROPEAN_FINALISTS_2021_FEMALE,FREESTYLE,400m,Female,,,Elite / European Championship Finalist,Start Time,s,7.15,0.23,,,CALIBRATED_PHYSICAL,VALIDATED_REFERENCE,PRIMARY_BENCHMARK,Race video kinematic analysis; stroke rate = 60 / stroke time; DPS = stroke time × section velocity,"Long-course pool. Values are mean ± SD. Applicable to elite adult European championship finalists; do not generalize to youth, masters, recreational, or non-European cohorts.",PEER_REVIEWED_ORIGINAL_RESEARCH,Performance Development of European Swimmers Across the Olympic Cycle,Born DP; Schönfelder M; Logan O; Olstad BH; Romann M,2022,10.3389/fspor.2022.894066,35755613,2021 European Swimming Championships finalists; long-course pool; elite European swimmers,ADULT,ELITE,LCM,400m,A,BENCHMARK,"Use for adult elite/European-championship-level long-course comparison only; do not generalize to youth, masters, recreational, or non-comparable events.",sex + adult + elite + LCM + comparable event/stroke,
EUROPEAN_FINALISTS_2021_FEMALE,FREESTYLE,400m,Female,,,Elite / European Championship Finalist,Breakout Distance After Start,m,9.94,1.1,,,CALIBRATED_PHYSICAL,VALIDATED_REFERENCE,PRIMARY_BENCHMARK,Race video kinematic analysis; stroke rate = 60 / stroke time; DPS = stroke time × section velocity,"Long-course pool. Values are mean ± SD. Applicable to elite adult European championship finalists; do not generalize to youth, masters, recreational, or non-European cohorts.",PEER_REVIEWED_ORIGINAL_RESEARCH,Performance Development of European Swimmers Across the Olympic Cycle,Born DP; Schönfelder M; Logan O; Olstad BH; Romann M,2022,10.3389/fspor.2022.894066,35755613,2021 European Swimming Championships finalists; long-course pool; elite European swimmers,ADULT,ELITE,LCM,400m,A,BENCHMARK,"Use for adult elite/European-championship-level long-course comparison only; do not generalize to youth, masters, recreational, or non-comparable events.",sex + adult + elite + LCM + comparable event/stroke,
EUROPEAN_FINALISTS_2021_FEMALE,FREESTYLE,400m,Female,,,Elite / European Championship Finalist,Turn Time,s,12.11,0.14,,,CALIBRATED_PHYSICAL,VALIDATED_REFERENCE,PRIMARY_BENCHMARK,Race video kinematic analysis; stroke rate = 60 / stroke time; DPS = stroke time × section velocity,"Long-course pool. Values are mean ± SD. Applicable to elite adult European championship finalists; do not generalize to youth, masters, recreational, or non-European cohorts.",PEER_REVIEWED_ORIGINAL_RESEARCH,Performance Development of European Swimmers Across the Olympic Cycle,Born DP; Schönfelder M; Logan O; Olstad BH; Romann M,2022,10.3389/fspor.2022.894066,35755613,2021 European Swimming Championships finalists; long-course pool; elite European swimmers,ADULT,ELITE,LCM,400m,A,BENCHMARK,"Use for adult elite/European-championship-level long-course comparison only; do not generalize to youth, masters, recreational, or non-comparable events.",sex + adult + elite + LCM + comparable event/stroke,
EUROPEAN_FINALISTS_2021_FEMALE,FREESTYLE,400m,Female,,,Elite / European Championship Finalist,Breakout Distance After Turn,m,3.9,0.7,,,CALIBRATED_PHYSICAL,VALIDATED_REFERENCE,PRIMARY_BENCHMARK,Race video kinematic analysis; stroke rate = 60 / stroke time; DPS = stroke time × section velocity,"Long-course pool. Values are mean ± SD. Applicable to elite adult European championship finalists; do not generalize to youth, masters, recreational, or non-European cohorts.",PEER_REVIEWED_ORIGINAL_RESEARCH,Performance Development of European Swimmers Across the Olympic Cycle,Born DP; Schönfelder M; Logan O; Olstad BH; Romann M,2022,10.3389/fspor.2022.894066,35755613,2021 European Swimming Championships finalists; long-course pool; elite European swimmers,ADULT,ELITE,LCM,400m,A,BENCHMARK,"Use for adult elite/European-championship-level long-course comparison only; do not generalize to youth, masters, recreational, or non-comparable events.",sex + adult + elite + LCM + comparable event/stroke,
EUROPEAN_FINALISTS_2021_FEMALE,FREESTYLE,400m,Female,,,Elite / European Championship Finalist,Swim Velocity,m/s,1.57,0.02,,,CALIBRATED_PHYSICAL,VALIDATED_REFERENCE,PRIMARY_BENCHMARK,Race video kinematic analysis; stroke rate = 60 / stroke time; DPS = stroke time × section velocity,"Long-course pool. Values are mean ± SD. Applicable to elite adult European championship finalists; do not generalize to youth, masters, recreational, or non-European cohorts.",PEER_REVIEWED_ORIGINAL_RESEARCH,Performance Development of European Swimmers Across the Olympic Cycle,Born DP; Schönfelder M; Logan O; Olstad BH; Romann M,2022,10.3389/fspor.2022.894066,35755613,2021 European Swimming Championships finalists; long-course pool; elite European swimmers,ADULT,ELITE,LCM,400m,A,BENCHMARK,"Use for adult elite/European-championship-level long-course comparison only; do not generalize to youth, masters, recreational, or non-comparable events.",sex + adult + elite + LCM + comparable event/stroke,
EUROPEAN_FINALISTS_2021_FEMALE,FREESTYLE,400m,Female,,,Elite / European Championship Finalist,Stroke Rate,spm,45.2,4.8,,,CALIBRATED_PHYSICAL,VALIDATED_REFERENCE,PRIMARY_BENCHMARK,Race video kinematic analysis; stroke rate = 60 / stroke time; DPS = stroke time × section velocity,"Long-course pool. Values are mean ± SD. Applicable to elite adult European championship finalists; do not generalize to youth, masters, recreational, or non-European cohorts.",PEER_REVIEWED_ORIGINAL_RESEARCH,Performance Development of European Swimmers Across the Olympic Cycle,Born DP; Schönfelder M; Logan O; Olstad BH; Romann M,2022,10.3389/fspor.2022.894066,35755613,2021 European Swimming Championships finalists; long-course pool; elite European swimmers,ADULT,ELITE,LCM,400m,A,BENCHMARK,"Use for adult elite/European-championship-level long-course comparison only; do not generalize to youth, masters, recreational, or non-comparable events.",sex + adult + elite + LCM + comparable event/stroke,
EUROPEAN_FINALISTS_2021_FEMALE,FREESTYLE,400m,Female,,,Elite / European Championship Finalist,DPS,m,2.1,0.22,,,CALIBRATED_PHYSICAL,VALIDATED_REFERENCE,PRIMARY_BENCHMARK,Race video kinematic analysis; stroke rate = 60 / stroke time; DPS = stroke time × section velocity,"Long-course pool. Values are mean ± SD. Applicable to elite adult European championship finalists; do not generalize to youth, masters, recreational, or non-European cohorts.",PEER_REVIEWED_ORIGINAL_RESEARCH,Performance Development of European Swimmers Across the Olympic Cycle,Born DP; Schönfelder M; Logan O; Olstad BH; Romann M,2022,10.3389/fspor.2022.894066,35755613,2021 European Swimming Championships finalists; long-course pool; elite European swimmers,ADULT,ELITE,LCM,400m,A,BENCHMARK,"Use for adult elite/European-championship-level long-course comparison only; do not generalize to youth, masters, recreational, or non-comparable events.",sex + adult + elite + LCM + comparable event/stroke,
EUROPEAN_FINALISTS_2021_FEMALE,FREESTYLE,800m,Female,,,Elite / European Championship Finalist,Start Time,s,7.23,0.22,,,CALIBRATED_PHYSICAL,VALIDATED_REFERENCE,PRIMARY_BENCHMARK,Race video kinematic analysis; stroke rate = 60 / stroke time; DPS = stroke time × section velocity,"Long-course pool. Values are mean ± SD. Applicable to elite adult European championship finalists; do not generalize to youth, masters, recreational, or non-European cohorts.",PEER_REVIEWED_ORIGINAL_RESEARCH,Performance Development of European Swimmers Across the Olympic Cycle,Born DP; Schönfelder M; Logan O; Olstad BH; Romann M,2022,10.3389/fspor.2022.894066,35755613,2021 European Swimming Championships finalists; long-course pool; elite European swimmers,ADULT,ELITE,LCM,800m,A,BENCHMARK,"Use for adult elite/European-championship-level long-course comparison only; do not generalize to youth, masters, recreational, or non-comparable events.",sex + adult + elite + LCM + comparable event/stroke,
EUROPEAN_FINALISTS_2021_FEMALE,FREESTYLE,800m,Female,,,Elite / European Championship Finalist,Breakout Distance After Start,m,9.73,0.9,,,CALIBRATED_PHYSICAL,VALIDATED_REFERENCE,PRIMARY_BENCHMARK,Race video kinematic analysis; stroke rate = 60 / stroke time; DPS = stroke time × section velocity,"Long-course pool. Values are mean ± SD. Applicable to elite adult European championship finalists; do not generalize to youth, masters, recreational, or non-European cohorts.",PEER_REVIEWED_ORIGINAL_RESEARCH,Performance Development of European Swimmers Across the Olympic Cycle,Born DP; Schönfelder M; Logan O; Olstad BH; Romann M,2022,10.3389/fspor.2022.894066,35755613,2021 European Swimming Championships finalists; long-course pool; elite European swimmers,ADULT,ELITE,LCM,800m,A,BENCHMARK,"Use for adult elite/European-championship-level long-course comparison only; do not generalize to youth, masters, recreational, or non-comparable events.",sex + adult + elite + LCM + comparable event/stroke,
EUROPEAN_FINALISTS_2021_FEMALE,FREESTYLE,800m,Female,,,Elite / European Championship Finalist,Turn Time,s,12.21,0.16,,,CALIBRATED_PHYSICAL,VALIDATED_REFERENCE,PRIMARY_BENCHMARK,Race video kinematic analysis; stroke rate = 60 / stroke time; DPS = stroke time × section velocity,"Long-course pool. Values are mean ± SD. Applicable to elite adult European championship finalists; do not generalize to youth, masters, recreational, or non-European cohorts.",PEER_REVIEWED_ORIGINAL_RESEARCH,Performance Development of European Swimmers Across the Olympic Cycle,Born DP; Schönfelder M; Logan O; Olstad BH; Romann M,2022,10.3389/fspor.2022.894066,35755613,2021 European Swimming Championships finalists; long-course pool; elite European swimmers,ADULT,ELITE,LCM,800m,A,BENCHMARK,"Use for adult elite/European-championship-level long-course comparison only; do not generalize to youth, masters, recreational, or non-comparable events.",sex + adult + elite + LCM + comparable event/stroke,
EUROPEAN_FINALISTS_2021_FEMALE,FREESTYLE,800m,Female,,,Elite / European Championship Finalist,Breakout Distance After Turn,m,4.0,0.5,,,CALIBRATED_PHYSICAL,VALIDATED_REFERENCE,PRIMARY_BENCHMARK,Race video kinematic analysis; stroke rate = 60 / stroke time; DPS = stroke time × section velocity,"Long-course pool. Values are mean ± SD. Applicable to elite adult European championship finalists; do not generalize to youth, masters, recreational, or non-European cohorts.",PEER_REVIEWED_ORIGINAL_RESEARCH,Performance Development of European Swimmers Across the Olympic Cycle,Born DP; Schönfelder M; Logan O; Olstad BH; Romann M,2022,10.3389/fspor.2022.894066,35755613,2021 European Swimming Championships finalists; long-course pool; elite European swimmers,ADULT,ELITE,LCM,800m,A,BENCHMARK,"Use for adult elite/European-championship-level long-course comparison only; do not generalize to youth, masters, recreational, or non-comparable events.",sex + adult + elite + LCM + comparable event/stroke,
EUROPEAN_FINALISTS_2021_FEMALE,FREESTYLE,800m,Female,,,Elite / European Championship Finalist,Swim Velocity,m/s,1.53,0.02,,,CALIBRATED_PHYSICAL,VALIDATED_REFERENCE,PRIMARY_BENCHMARK,Race video kinematic analysis; stroke rate = 60 / stroke time; DPS = stroke time × section velocity,"Long-course pool. Values are mean ± SD. Applicable to elite adult European championship finalists; do not generalize to youth, masters, recreational, or non-European cohorts.",PEER_REVIEWED_ORIGINAL_RESEARCH,Performance Development of European Swimmers Across the Olympic Cycle,Born DP; Schönfelder M; Logan O; Olstad BH; Romann M,2022,10.3389/fspor.2022.894066,35755613,2021 European Swimming Championships finalists; long-course pool; elite European swimmers,ADULT,ELITE,LCM,800m,A,BENCHMARK,"Use for adult elite/European-championship-level long-course comparison only; do not generalize to youth, masters, recreational, or non-comparable events.",sex + adult + elite + LCM + comparable event/stroke,
EUROPEAN_FINALISTS_2021_FEMALE,FREESTYLE,800m,Female,,,Elite / European Championship Finalist,Stroke Rate,spm,44.8,3.8,,,CALIBRATED_PHYSICAL,VALIDATED_REFERENCE,PRIMARY_BENCHMARK,Race video kinematic analysis; stroke rate = 60 / stroke time; DPS = stroke time × section velocity,"Long-course pool. Values are mean ± SD. Applicable to elite adult European championship finalists; do not generalize to youth, masters, recreational, or non-European cohorts.",PEER_REVIEWED_ORIGINAL_RESEARCH,Performance Development of European Swimmers Across the Olympic Cycle,Born DP; Schönfelder M; Logan O; Olstad BH; Romann M,2022,10.3389/fspor.2022.894066,35755613,2021 European Swimming Championships finalists; long-course pool; elite European swimmers,ADULT,ELITE,LCM,800m,A,BENCHMARK,"Use for adult elite/European-championship-level long-course comparison only; do not generalize to youth, masters, recreational, or non-comparable events.",sex + adult + elite + LCM + comparable event/stroke,
EUROPEAN_FINALISTS_2021_FEMALE,FREESTYLE,800m,Female,,,Elite / European Championship Finalist,DPS,m,2.06,0.16,,,CALIBRATED_PHYSICAL,VALIDATED_REFERENCE,PRIMARY_BENCHMARK,Race video kinematic analysis; stroke rate = 60 / stroke time; DPS = stroke time × section velocity,"Long-course pool. Values are mean ± SD. Applicable to elite adult European championship finalists; do not generalize to youth, masters, recreational, or non-European cohorts.",PEER_REVIEWED_ORIGINAL_RESEARCH,Performance Development of European Swimmers Across the Olympic Cycle,Born DP; Schönfelder M; Logan O; Olstad BH; Romann M,2022,10.3389/fspor.2022.894066,35755613,2021 European Swimming Championships finalists; long-course pool; elite European swimmers,ADULT,ELITE,LCM,800m,A,BENCHMARK,"Use for adult elite/European-championship-level long-course comparison only; do not generalize to youth, masters, recreational, or non-comparable events.",sex + adult + elite + LCM + comparable event/stroke,
SOURCE_REGISTRY_BACKSTROKE_2025,BACKSTROKE,,BOTH,,,Elite/competitive,,,,,,,CONTEXTUAL_EVIDENCE,VALIDATED_REFERENCE,PRIMARY_REVIEW_SOURCE,Systematic review; PRISMA; PubMed/Scopus/Web of Science,Use to define eligible backstroke variables and interpretation. Do not manufacture a universal numeric benchmark from the review.,SYSTEMATIC_REVIEW,"Biomechanical, Physiological and Anthropometric Determinants of Backstroke Swimming Performance: A Systematic Review",González-Ravé JM; González-Mohino F; Hermosilla Perona F; Rodrigo-Carranza V; Yustres I; Pyne DB,2025,10.1186/s40798-025-00868-z,40483624,"Elite backstroke performance in 50, 100 and 200 m events",ADULT,ELITE/COMPETITIVE,MIXED,50/100/200m backstroke,A-,CONTEXT_ONLY,Defines evidence-supported variables and interpretation; numeric benchmark requires a compatible underlying cohort.,adult + comparable competitive level + event/course,Systematic review is heterogeneous across studies and is not itself one homogeneous reference cohort.
SOURCE_REGISTRY_BREASTSTROKE_2022,BREASTSTROKE,,BOTH,,,Elite,,,,,,,CONTEXTUAL_EVIDENCE,VALIDATED_REFERENCE,PRIMARY_REVIEW_SOURCE,Systematic review; open access,"Use for kinematics, temporal patterns, neuromuscular activity, pacing and kinetics. Do not create universal numeric targets from pooled heterogeneous studies.",SYSTEMATIC_REVIEW,"Stroke Kinematics, Temporal Patterns, Neuromuscular Activity, Pacing and Kinetics in Elite Breaststroke Swimming: A Systematic Review",Nicol E; Pearson S; Saxby D; Minahan C; Tor E et al.,2022,10.1186/s40798-022-00467-2,,Elite breaststroke swimming literature,ADULT,ELITE,MIXED,Breaststroke,A-,CONTEXT_ONLY,Scientific interpretation and variable selection; use cohort-specific original studies for numeric benchmark.,adult + elite + comparable event/course,"Review aggregates heterogeneous protocols, populations and measurement methods."
SOURCE_REGISTRY_FRONT_CRAWL_COORDINATION,FREESTYLE,,BOTH,,,Mixed,,,,,,,CONTEXTUAL_EVIDENCE,VALIDATED_REFERENCE,INTERPRETATION_SOURCE,Systematic review,"Supports interpretation of inter-limb coordination and effects of speed, stroke rate, sex, skill and age. It explicitly does not justify one universal ideal coordination pattern.",SYSTEMATIC_REVIEW,Front crawl swimming coordination: a systematic review,Silva AF; Seifert L; Fernandes RJ; Vilas Boas JP; Figueiredo P,2025,10.1080/14763141.2022.2125428,36223481,"Front crawl coordination literature across biomechanical, physiological and personal factors",MIXED,MIXED,MIXED,Front crawl,A-,CONTEXT_ONLY,Interpret coordination metrics and avoid one-size-fits-all targets.,matched age/sex/skill/speed/course where possible,"Heterogeneous studies and coordination is task-, speed- and swimmer-dependent."
SOURCE_REGISTRY_400M_FRONT_CRAWL_META,FREESTYLE,400m,BOTH,,,Competitive,,,,,,,TEST_SPECIFIC_EVIDENCE,VALIDATED_REFERENCE,TEST_SPECIFIC,"Meta-analysis; 40 studies, 651 swimmers",Use when the athlete actually performs a standardized 400m front-crawl test. Not a universal race benchmark.,META_ANALYSIS,"Kinematic, arm-stroke efficiency, coordination, and energetic parameters of the 400-m front-crawl test: A meta-analysis",Aquatic Sports Research Group et al.,2023,10.3389/fspor.2023.977739,36778096,Competitive swimming studies using the 400m front-crawl test,MIXED,COMPETITIVE,MIXED,Standardized 400m front-crawl test,A,TEST_SPECIFIC,Only when test protocol matches the evidence.,same test + comparable population + protocol,Protocol-specific meta-analysis; not interchangeable with arbitrary race footage.
SOURCE_REGISTRY_YOUTH_ANTHROPOMETRIC,ALL_FOUR,,BOTH,,,Youth/adolescent,,,,,,,AGE_LAYER,VALIDATED_REFERENCE,AGE_POPULATION_LAYER,Systematic review; 43 studies,Use to inform age/population matching and anthropometric interpretation. Do not copy adult elite values into youth benchmarks.,SYSTEMATIC_REVIEW,How Anthropometrics of Young and Adolescent Swimmers Influence Stroking Parameters and Performance? A Systematic Review,Systematic review authors,2022,,35270236,"Young and adolescent swimmers; butterfly, backstroke, breaststroke and front crawl",YOUTH_ADOLESCENT,YOUTH/ADOLESCENT,MIXED,Four competitive strokes,B+,AGE_LAYER_ONLY,Population matching and age-specific interpretation; numeric values require compatible source cohorts.,age + sex + skill + stroke + comparable protocol,Review reports substantial heterogeneity and limited common variables across strokes.
